food_id,food_name,calories,protein,fat,carbs,fiber,sugar,sodium
1,Hot tea (Garam Chai),16.14429855,0.387885988,0.532066524,2.581947565,0.2,5.0,3.118764639
2,Instant coffee,23.15583229,0.640666664,0.74666667,3.653333426,0.2,5.0,4.916666508
3,Espreso coffee,51.54337311,1.747003078,2.138170242,6.620504856,0.2,5.0,13.97791767
4,Iced tea,10.34218788,0.027968749,0.0109375,2.701562405,0.2,5.0,0.234375
5,Raw mango drink (Aam panna),35.91822052,0.157034457,0.026340783,9.047467232,0.2,5.0,79.82497406
6,Fruit Punch (with fresh juices),36.11684418,0.139348939,0.032502044,9.380591393,0.2,5.0,2.632138252
7,Fruit Punch (with squashes),23.12828255,0.07234481,0.016838526,5.989855766,0.2,5.0,2.257480145
8,Lemonade,20.79898262,0.034817468,0.010450967,5.478568077,1.0,8.0,28.52360725
9,Lem-o-gin,21.5173645,0.080756836,0.02810091,5.551969051,1.0,8.0,28.13481522
10,Cumin infused water (Jeere/Zeere ka pani),9.089806557,0.169516787,0.11049059,1.864382148,1.0,8.0,189.5951233
11,Coco pine cooler,32.74876022,0.555053234,0.999981463,5.717686176,0.2,5.0,23.19581413
12,Summer cooler,22.4288311,0.373903692,0.035400074,5.431630611,0.2,5.0,1.573464274
13,Hot cocoa,90.09999847,3.362827301,4.56282711,9.234031677,1.0,8.0,24.20314026
14,Cold coffee with ice cream,67.84875488,1.570149183,2.109452724,11.24477673,0.2,5.0,13.84477615
15,Banana milkshake (Kele milkshake),65.30644989,1.843299627,2.371230125,9.145586014,0.2,5.0,13.60868263
16,Mango milkshake (Aam milkshake),56.90112305,1.726751089,2.345879078,7.231504917,0.2,5.0,13.27369881
17,Pineapple milkshake (Ananas milkshake),55.71769333,1.659259319,2.228806734,7.624691486,0.2,5.0,14.05432034
18,Orange milkshake (Narangi milkshake),57.4150238,1.864788771,2.523943663,7.107042313,0.2,5.0,14.62535191
19,Egg nog,97.14144897,4.77630949,5.110444546,8.145041466,0.0,0.0,40.64762878
20,Sweet Lassi (Meethi lassi),35.66101837,1.288135529,0.677966118,6.508474827,0.2,5.0,18.30508423
21,Lassi (salted),18.84494209,1.354937911,0.718629658,1.856243372,0.2,5.0,65.4016571
22,Cheese and chilli sandwich,218.1146698,6.795605183,9.780448914,27.40143394,0.0,5.0,437.5007935
23,Egg sandwich (Ande ka sandwich),285.9570923,8.69467926,15.79773426,29.15723991,0.0,0.0,461.6703491
24,Cucumber sandwich (Kheere ka sandwich),188.5979004,4.798436165,7.997695446,25.76510239,2.5,3.0,362.6423035
25,Cheese and pineapple sandwich (Cheese aur ananas ka sandwich),257.714325,8.196501732,12.79748917,29.10188293,1.8,10.0,571.9564209
26,Cheese and tomato sandwich (Cheese aur tamatar ke sandwich),243.3199158,7.918540478,12.27442074,26.92240334,2.5,3.0,549.7084961
27,Chicken sandwich,253.2726746,13.12411976,11.74866962,25.37733841,0.0,0.0,389.6655884
28,Peanut and tomato sandwich (Moongfali aur tamatar ka sandwich),291.4269104,9.528888702,16.1376133,28.54493713,2.5,3.0,364.9900513
29,Rainbow sandwich,272.7514038,7.746617794,12.53957653,34.26394653,1.0,8.0,612.4857788
30,Club sandwich,235.324173,7.310127735,15.12153625,18.50842094,1.0,8.0,461.6601563
31,Vegetarian club sandwich,198.3292542,5.451312065,11.32917023,19.68419266,1.0,8.0,305.3633118
32,Pin wheel sandwich,311.5205994,8.766905785,24.93470955,14.0041256,1.0,8.0,374.3905029
33,Carrot apple sandwich (Gajar aur seb ka sandwich),214.1118469,5.297377586,9.123984337,29.04496193,1.8,10.0,302.8827209
34,Salami sandwich,255.5937042,8.695690155,15.50989914,21.53845024,0.0,0.0,662.7457275
35,Vegetable and mayonnaise sandwich,244.2624969,4.473674774,15.39840412,23.2014122,1.0,8.0,342.6957703
36,Egg and tomato sandwich (Ande aur tamatar ka sandwich),222.106369,7.655546188,10.509202,25.90302467,2.5,3.0,423.258728
37,Sweet open sandwich,244.2458038,4.985423565,8.153898239,39.24372864,1.0,8.0,205.2708435
38,Mushroom and cheese sandwich (toasted),227.4191132,7.785544395,13.00805283,21.01293755,0.0,5.0,456.571228
39,Cheese and tomato sandwich (toasted) (Cheese aur tamatar ke sandwich (toasted)),224.5795135,6.821847916,12.95194721,21.41557693,2.5,3.0,457.937561
40,Pea potato sandwich (toasted) (Matar aloo ka sandwich),164.90065,4.604915619,5.427161217,25.16836166,1.0,8.0,262.6282043
41,Paneer pea sandwich (toasted) (Paneer matar ka sandwich),249.5557251,12.40013409,11.97568512,24.05218697,0.0,5.0,268.8977051
42,Chicken sandwich (toasted),167.367981,12.08105278,5.315614223,18.81935692,0.0,0.0,327.5487671
43,Pea keema sandwich (toasted) (Matar aur keema ka sandwich),171.7751617,11.0550251,5.611410141,20.25550652,1.0,8.0,290.0722961
44,Classic club sandwich,200.8309937,6.736375809,11.56259537,18.49158859,0.2,5.0,277.492218
45,Sesame toast,495.1863403,1.899099112,49.37817764,11.14696693,1.0,8.0,128.7751923
46,Cracked wheat porridge (Meetha daliya),81.56513977,2.642679691,4.080645084,8.870967865,3.0,1.0,15.89330101
47,Semolina porridge (Suji/Rava daliya),100.8943558,3.750359535,4.082014084,12.38705063,3.0,1.0,23.20575523
48,Oatmeal Porridge,72.85364532,2.595477343,3.221105576,8.766331673,3.0,1.0,16.14321709
49,Cornflakes with milk,117.3266144,3.591367006,5.119424343,14.94820118,0.0,5.0,26.54820061
50,Rice flakes (Chiwda/Aval),112.4402847,3.617266178,3.990647316,15.56870461,3.0,1.0,22.40215874
51,Wheat flakes,112.4402847,3.617266178,3.990647316,15.56870461,1.0,8.0,22.40215874
52,Murmura (Puffed rice),113.3171921,3.620503426,4.042446136,15.66906452,1.0,8.0,22.52194214
53,Puffed wheat (Murmure/Moori),113.3171921,3.620503426,4.042446136,15.66906452,1.0,8.0,22.52194214
54,Boiled egg (Ubla anda),45.35460281,4.430860996,3.038874149,0.119933769,0.0,0.0,170.9406586
55,Fried Egg,223.66745,11.58545399,19.62242317,0.31359306,0.0,0.0,446.961731
56,Poached egg,123.8668823,11.97607136,8.194107056,0.366249979,0.0,0.0,1163.072144
57,Scrambled egg (Ande ki bhurji),155.9710083,10.29085732,12.21242809,1.351571441,0.0,0.0,374.6562805
58,Baked egg,218.8469849,11.88178158,12.65217781,15.4169302,0.0,0.0,523.2875366
59,Plain omelette/omlet,272.4109802,9.664055824,25.74034882,0.644825161,1.0,8.0,226.1813965
60,Stuffed egg omelette/omlet,203.5148621,8.602519035,17.77450371,2.30194664,0.0,0.0,267.1867981
61,Pancake,203.3556061,5.682128906,10.81661701,20.48965073,1.0,8.0,143.69841
62,Keema pancake,176.2749786,9.006999969,11.2455883,9.559337616,1.0,8.0,125.3999176
63,Vegetable pancake,125.1763458,3.865659475,6.57317543,12.23516846,1.0,8.0,116.6941986
64,Jam and fruit pancake,162.0184326,3.791611433,7.008038521,20.7275753,1.8,10.0,93.0852356
65,Khoa and coconut pancake,271.9807129,6.979613304,15.29441357,27.32319069,1.0,8.0,101.0040588
66,Brown stock,21.32481384,1.948392749,1.384061098,0.251715273,1.0,8.0,44.59760284
67,Vegetable stock,17.60440254,0.299693078,1.377679467,0.959589601,1.0,8.0,49.74882507
68,Chicken stock,29.88019753,3.686460972,1.510480165,0.367801577,0.0,0.0,58.57991791
69,Clear tomato soup (Tamatar ka soup),80.07408905,4.793009281,12.22490883,3.450685263,2.5,3.0,5135.742188
70,Lentil soup,31.16623878,9.653425217,11.67877769,3.944583178,4.0,1.0,10418.84277
71,Chicken consomme (Clear chicken soup),47.9448204,11.47149181,12.01870346,1.185413957,0.0,0.0,8953.636719
72,Cream of tomato soup,97.81221771,4.6103158,13.11548424,3.928005934,2.5,3.0,4461.222656
73,Cream of green peas soup,127.8408279,7.126903534,14.78137112,6.750673294,2.5,3.0,4999.696289
74,Cream of spinach soup,100.5377808,5.214042664,13.30996323,3.446488857,2.5,3.0,4429.807617
75,Cream of mixed vegetable soup,59.64580536,6.844812393,9.049255371,4.931180954,1.0,8.0,5655.449707
76,Cream of mushroom soup,117.2778015,6.640302181,15.50072861,3.742418528,1.0,8.0,5276.05957
77,Chicken sweet corn soup,28.32048225,14.47509766,12.59302998,1.632999063,0.0,0.0,12205.33496
78,Minestrone soup,42.65936279,9.303705215,11.08742046,3.714839697,1.0,8.0,8875.064453
79,Egg drop soup,26.63651466,12.92991352,13.51639652,1.100723863,0.0,0.0,12418.84375
80,Chinese cabbage and meat ball soup,484.305481,5.210831642,56.57162094,1.429005623,0.0,0.0,4249.40625
81,French onion soup,55.60973358,11.40778637,14.39195728,4.275220394,1.0,8.0,11202.8877
82,Hot and sour soup,31.51394653,3.116294622,1.312411904,1.775766611,1.0,8.0,163.2559967
83,Talaumein soup,35.62731171,10.12203026,12.78479099,4.171391487,1.0,8.0,11088.1377
84,Cold cucumber soup (Thanda kheere ka soup),48.02956772,2.98764348,1.990923285,4.580854416,2.5,3.0,121.3151627
85,Cold summer garden soup,49.18648148,8.571334839,14.08133507,2.645667791,1.0,8.0,9919.625
86,Chapati/Roti,202.3111115,5.875,3.561111212,35.64999771,1.0,8.0,1.161111116
87,Plain parantha/paratha,298.3008423,5.055602074,16.85818481,30.69233513,1.0,8.0,62.0662384
88,Potato parantha/paratha (Aloo ka parantha/paratha),205.0423889,3.697914362,10.22027779,23.92007446,1.0,8.0,127.203125
89,Radish parantha/paratha (Mooli ka parantha/paratha),183.524231,3.297506809,9.52780056,20.54241562,2.5,3.0,127.0269699
90,Cauliflower parantha/paratha (Phoolgobhi ka parantha/paratha),178.0704041,3.726067066,9.465125084,18.83708191,1.0,8.0,190.0313263
91,Dal parantha/paratha,268.2444763,6.775821686,13.05357742,30.03248215,4.0,1.0,156.1320496
92,Sprouted moong parantha/paratha,228.5943909,4.292011261,12.42643166,24.30602646,4.0,1.0,153.9376984
93,Pea parantha/paratha (Matar ka parantha/paratha),190.7311401,5.594754696,8.798940659,21.51273155,1.0,8.0,109.9911575
94,Keema parantha/paratha,238.0861816,9.405674934,13.90981865,18.35640526,1.0,8.0,140.6228943
95,Paneer parantha/paratha,262.9658203,7.98404026,14.6214962,24.32621384,0.0,5.0,142.5160675
96,Besan and spinach parantha/paratha (Besan aur palak ka parantha/paratha),216.4920959,5.544742584,12.08664894,21.38927078,2.5,3.0,177.1880493
97,Poori,737.6346436,1.354683757,77.6057663,8.22033596,1.0,8.0,31.73290634
98,Spinach poori (Palak poori),684.2543945,1.421851873,71.85770416,7.757184982,2.5,3.0,35.473629
99,Methi poori,710.0203247,1.453461647,74.60414886,7.981307507,1.0,8.0,35.3730011
100,Dal stuffed poori,785.1628418,2.075348854,81.68533325,10.13720036,4.0,1.0,128.1795044
101,Potato stuffed poori (Aloo ki poori),776.7381592,1.521392703,81.35301971,9.400838852,1.0,8.0,69.8640976
102,Tandoori parantha/paratha,295.3700562,5.079640865,16.51257515,30.74011803,1.0,8.0,1.138922095
103,Boiled rice (Uble chawal),117.1896667,2.603333235,0.183333337,25.72000122,1.0,8.0,1.053333402
104,Plain pulao,140.2079163,2.338649035,4.622068882,21.8161087,1.0,8.0,193.7613678
105,Mixed vegetable pulao,113.0494385,2.72278738,3.327634573,17.48991776,1.0,8.0,187.9197693
106,Mushroom pulao,124.2864532,2.522516727,4.029394627,19.01836014,1.0,8.0,222.3636322
107,Sprouted moong pulao,112.9714737,2.188207865,3.60783267,17.49124718,4.0,1.0,153.1640778
108,Paneer pulao,581.9120483,1.984807253,59.80920792,8.757226944,0.0,5.0,72.27726746
109,Peanut pulao,193.2752686,5.315926075,9.512810707,21.18099976,1.0,8.0,168.3979492
110,Navratan pulao,261.7077637,6.198443413,9.453126907,36.97904205,1.0,8.0,334.2568665
111,Green chickpeas pulao (Choliya pulao/Hare chane ka pulao),173.4283752,4.875859261,4.820158958,27.56965637,2.5,3.0,170.0450592
112,Mutton biryani/biriyani,190.7631531,7.376446724,7.724486828,22.49508858,1.0,8.0,262.6424255
113,Vegetable biryani/biriyani,174.6051636,3.160541773,9.507964134,18.55727386,1.0,8.0,183.7902069
114,"Lemon rice (Pulihora, Elumichai sadam, Chitranna)",176.302887,4.256220818,7.879806519,21.62227058,1.0,8.0,187.1090698
115,Sweet rice (Meethe chawal),215.4134827,2.095991611,4.565640926,42.59217072,1.0,8.0,3.198780298
116,Curd rice (Dahi bhaat/Dahi chawal/ Perugu annam/Daddojanam/Thayir saadam),195.73703,5.75323391,4.316627026,32.93044662,0.0,5.0,213.2903442
117,Tamarind rice (Chintapandu pulihora/Puliyodharai/Puli sadam/Huli anna),373.0386047,7.453181744,8.532773972,65.08139038,1.0,8.0,162.4134064
118,Spanish rice,164.24086,4.189563274,2.232735634,31.09807014,1.0,8.0,96.60800171
119,Chinese fried rice,120.5841217,4.051771164,5.434627056,13.40168476,1.0,8.0,248.3614349
120,Macroni cheese pie,170.627533,5.850981236,7.48359108,21.09503174,0.0,5.0,200.5116425
121,Vegetable chowmein,129.7138824,3.066948175,6.358810902,15.44433498,1.0,8.0,258.4696045
122,Chicken chowmein,151.3335724,6.331267834,8.234783173,13.30146122,0.0,0.0,288.1506653
123,Cheese noodle ring,133.66922,6.224301815,6.117282867,13.95549679,0.0,5.0,241.9593506
124,Spaghetti and cheese balls in tomato sauce,508.3220215,2.408706188,52.08030701,7.815141678,2.5,3.0,104.136261
125,Penne platter,177.4006195,5.040764809,8.709636688,20.87212181,1.0,8.0,283.3703308
126,Pasta hot pot,125.1728973,5.83754158,6.466379642,11.60178471,1.0,8.0,231.165329
127,Chicken lasagne,187.4915314,10.45242023,10.36139965,13.90227413,0.0,0.0,238.5521545
128,Fettuccine with spinach sauce,129.2067261,3.103574753,7.828339577,12.18928051,2.5,3.0,153.5908966
129,Naan,286.449646,8.052100182,4.987837315,51.75419998,1.0,8.0,326.1089478
130,Bhatura,793.2029419,1.630399346,82.56384277,10.73396301,1.0,8.0,28.30090141
131,Idli,137.5352631,4.637406349,0.333167076,28.17755699,1.0,8.0,100.8339157
132,Masala dosa,164.584671,3.287727356,7.840357304,19.56658745,5.0,0.5,191.27771
133,Semolina dosa (Suji/Rava dosa),227.0520935,7.300220013,7.116666317,32.84082794,1.0,8.0,202.3602295
134,Onion tomato uttapam,462.0191956,1.906250596,45.30297089,11.31599045,2.5,3.0,143.5269318
135,Paneer kaathi roll,285.9421387,6.916443348,19.55446243,20.10346985,0.0,5.0,221.0313263
136,Makki ki roti,263.9683533,3.492470741,16.84941101,24.19199944,1.0,8.0,236.2200012
137,Washed moong dal (Dhuli moong ki dal),50.00269318,2.677743673,1.680992842,5.9069314,4.0,1.0,150.6404572
138,Washed urad dal (Dhuli urad ki dal),61.3236351,2.510929108,2.980016947,5.841114998,4.0,1.0,142.2120056
139,Split bengal gram with bottle gourd (Channa dal with ghiya/lauki),73.25393677,2.789580822,3.602670431,7.101042747,2.5,3.0,149.4678802
140,Dry washed urad,124.7121277,6.849685669,3.497102022,15.66222095,1.0,8.0,295.7929993
141,Mixed dal,61.92817688,2.50559926,3.1035676,5.792935848,4.0,1.0,141.3648529
142,Whole moong (Moong ki dal),53.69861221,2.249401331,2.56445694,5.218648911,4.0,1.0,123.8632202
143,Whole masoor (Masoor ki dal),54.05467224,2.279197216,2.518010378,5.374639034,4.0,1.0,123.7221222
144,Whole moth (Moth ki dal),54.99718475,2.005776882,2.618790388,5.740952015,4.0,1.0,125.0778351
145,Whole urad (Urad ki dal),53.7951355,2.213059902,2.623819113,5.047299385,4.0,1.0,126.1194534
146,Moti mahal dal (Urad rajmah mix dal),103.1279602,3.929511786,5.656059265,8.737751007,4.0,1.0,157.6141205
147,Black channa curry/Bengal gram curry (Kale chane ki curry),140.6766205,5.66623497,6.61011076,14.11445045,1.0,8.0,358.6307678
148,Chickpeas curry (Safed channa curry),163.4320374,6.099023819,6.842765808,19.97835922,2.5,3.0,357.9903259
149,Lobia curry,148.9874115,6.06400013,5.619450569,17.88196182,1.0,8.0,355.4085999
150,Soyabean curry,163.2771912,10.42690849,10.18999767,6.759547234,1.0,8.0,352.6943054
151,Kidney bean curry (Rajmah curry),143.7259064,5.951425076,5.774553776,16.37845993,1.0,8.0,354.6005554
152,Sambar,96.91847229,3.350063324,4.382696629,10.56774044,1.0,8.0,159.5382233
153,Besan kadhi with pakodies,403.3492126,1.644304395,42.58848953,3.563780308,1.0,8.0,60.80490875
154,Khatta channa,202.5660553,6.295548916,10.55977345,21.14064026,1.0,8.0,513.3212891
155,Sprouted moong dal chat,32.47376251,1.349707603,0.321637422,6.005068302,4.0,1.0,87.0721283
156,Potato cauliflower (Aloo gobhi),106.1774826,1.897575021,8.125692368,5.990505219,1.0,8.0,254.7582855
157,Potato capsicum (Shimla mirch aloo),125.5296326,1.409610629,9.332274437,8.716957092,1.0,8.0,277.9205017
158,Cabbage and peas (Pattagobhi aur matar),63.8829422,3.239331245,2.644949913,6.235406399,2.5,3.0,253.7345581
159,Carrot and fenugreek leaves (Gajar methi),61.91693878,2.095118284,3.806856632,4.17098999,2.5,3.0,262.9130554
160,Potato fenugreek (Aloo methi),135.1473999,2.245501995,10.04067516,8.468133926,1.0,8.0,221.9273682
161,Brinjal bhartha (Baingan ka bhartha),65.11573029,1.379703522,4.480549812,4.397458076,2.5,3.0,132.1516571
162,Dry potato (Sookhe aloo),103.1455383,1.620023608,4.182056904,14.37825108,1.0,8.0,199.9938812
163,Beans with coconut (Nariyal aur sem/phali; Beans thoran),131.6313629,2.618790865,11.39354229,4.393538952,1.0,8.0,271.6534424
164,Cauliflower with coconut (Nariyal ke saath phoolgobhi),132.1108398,2.638852596,11.5607214,3.992308378,1.0,8.0,286.0575867
165,Carrot and cabbage with coconut (Nariyal ke saath pattagobhi aur gajar),106.6127319,1.819755435,8.62128067,4.994035244,2.5,3.0,219.6028595
166,Raw turnip with coconut,132.1482849,1.802955747,11.4671011,5.777783871,2.5,3.0,275.5453796
167,Raw papaya with coconut (Papaya thoran),132.7501221,1.535468817,11.42029095,5.577168465,1.8,10.0,270.5634155
168,Stuffed okra (Bharwa bhindi),94.34012604,2.079592705,7.655135632,3.854253292,2.5,3.0,210.0344543
169,Stuffed round gourd (Bharwa tinde),72.79677582,1.103464246,5.747200489,4.020564079,2.5,3.0,180.1468658
170,Stuffed capsicum (Bharwa shimla mirch),90.94032288,1.337250948,5.70438242,8.255976677,1.0,8.0,173.9388428
171,Stuffed brinjal (Bharwa baingan),92.99759674,1.533137679,7.728148937,3.9584198,2.5,3.0,212.8831329
172,Stuffed tomatoes (Bharwa tamatar),93.34754944,3.281882048,6.05977869,6.190073967,2.5,3.0,165.8527679
173,Pea potato curry (Aloo matar),100.9229584,3.482859135,5.126852989,9.739043236,1.0,8.0,154.8327942
174,Pea paneer curry (Matar paneer),134.8343658,6.605493069,7.750081539,9.291922569,0.0,5.0,157.3442383
175,Pea mushroom curry (Matar mushroom),93.29611969,3.868680954,5.161108017,7.411490917,1.0,8.0,155.4836426
176,Pea curry (Matar ki sabzi),102.9912491,4.512318611,5.108823776,9.196368217,1.0,8.0,154.7516632
177,Pea vadi curry,101.9474564,4.637181282,5.077193737,8.900667191,1.0,8.0,149.5050201
178,Paneer curry,176.5167694,7.801123619,12.38486671,8.398056984,0.0,5.0,216.0889435
179,Lotus stem curry (Kamal kakdi curry),110.3378754,1.529191494,7.250926971,9.235796928,1.0,8.0,217.0490112
180,Gravy for kofta,125.5859299,1.748348355,10.34965897,6.306786537,1.0,8.0,312.8621521
181,Pea kofta curry (Matar kofta curry),595.6647949,2.010419607,63.39245987,4.167610645,1.0,8.0,83.06669617
182,Spinach kofta curry (Palak kofta curry),571.776062,1.085842609,61.49188995,3.564888477,2.5,3.0,104.5080185
183,Paneer kofta curry,670.9107666,2.385353088,72.06321716,3.269001484,0.0,5.0,121.7154846
184,Lotus stem kofta curry (Kamal kakdi kofta curry),633.5641479,0.957196951,67.76353455,5.014779091,1.0,8.0,108.6149292
185,Raw banana kofta curry (Kela kofta curry),627.2714844,0.621689141,67.97930908,3.404439449,1.8,10.0,88.39573669
186,Cauliflower kofta curry (Phoolgobhi kofta curry),641.0996094,1.037197471,69.62345886,2.616612434,1.0,8.0,93.64952087
187,Cabbage kofta curry (Pattagobhi kofta curry),639.8127441,0.975607097,69.40044403,2.87414813,1.0,8.0,92.85335541
188,Ghiya/Lauki Kofta Curry,638.7068481,0.888320744,69.40149689,2.709040165,1.0,8.0,91.43154144
189,Spinach paneer kofta curry (Palak paneer kofta curry),606.0251465,1.426927924,65.40789032,2.942911386,2.5,3.0,99.37121582
190,Vegetarian egg kofta curry,627.4058228,1.32747972,67.24187469,4.260971546,0.0,0.0,95.89279175
191,Baked vegetables,88.98686218,3.669917345,4.436777115,8.43652916,1.0,8.0,124.6999969
192,Cauliflower musallam (Phoolgobhi musallam),58.82717514,1.892244458,3.546742678,4.484461308,1.0,8.0,123.3568344
193,Baked vegetables with spinach,77.79354858,3.217664003,4.027524948,6.929444313,2.5,3.0,122.8477936
194,Baked potato with skin,135.7728577,3.426379681,8.50363636,11.10995197,1.0,8.0,354.5013733
195,Shepherd's pie (vegetarian),135.6335297,5.04061079,7.304504871,12.03418159,1.0,8.0,118.1975403
196,Baked brinjal in tomato sauce,38.62895966,1.57945168,1.62346971,4.129225254,2.5,3.0,79.65674591
197,Dum aloo,682.329895,0.698263168,74.00669098,3.330488205,1.0,8.0,183.8540192
198,Spinach paneer (Palak paneer),77.68312836,4.033646584,4.763011932,4.429644585,2.5,3.0,166.8661652
199,Methi chaman,475.6245117,1.541497707,50.90748596,2.778881788,1.0,8.0,54.94015121
200,Sarson ka saag,87.8422699,3.004992723,5.860703468,5.325719357,1.0,8.0,165.4529114
201,Jackfruit sabzi (Kathal ki sabzi),625.3995972,0.689478934,67.59599304,3.400272608,1.0,8.0,58.94796371
202,Avial,124.5591888,2.460927248,8.936988831,8.472706795,1.0,8.0,81.49559784
203,Al yakhani,147.5444641,2.85747838,13.14409447,4.646077633,1.0,8.0,206.236618
204,Shahi paneer,156.4958344,5.063810349,12.34110355,6.640919685,0.0,5.0,215.3452454
205,Paneer in butter sauce,145.6078033,6.986546993,8.809211731,9.701619148,0.0,5.0,151.448349
206,Methi malai paneer,194.9778442,7.340943813,14.75878429,8.150174141,0.0,5.0,221.1603088
207,Chilli paneer,777.5137329,2.102154732,84.01101685,3.307047606,0.0,5.0,89.04096985
208,Paneer makhana korma,775.8161621,3.242100477,82.75785828,4.631985188,0.0,5.0,77.00662994
209,Kadhai Paneer,107.992485,4.332953453,6.807462692,7.340911388,0.0,5.0,144.3304138
210,Roghan josh,139.5860748,9.558643341,9.021520615,4.928968906,1.0,8.0,204.3113708
211,Spinach mutton (Palak mutton),80.32388306,5.742547035,4.710127354,3.448048115,2.5,3.0,121.1025009
212,Pea keema curry (Matar keema ki sabzi),133.0029755,8.433099747,8.137558937,6.240138054,1.0,8.0,148.3761292
213,Keema kofta curry,154.4536133,9.769634247,10.38839149,5.644655228,1.0,8.0,311.5108032
214,Kashmiri mutton koftas (Gushtaba),97.4245224,6.334486961,6.767289162,3.041213751,1.0,8.0,130.1112671
215,Mutton yakhni,104.1250458,8.272323608,7.70028019,0.842558682,1.0,8.0,101.0170135
216,Chicken yakhni,99.00197601,10.65881443,6.098036766,0.775728762,0.0,0.0,97.38290405
217,Mutton do piaza,183.3047485,9.386633873,14.41110897,4.136778355,1.0,8.0,118.6174927
218,Mutton chops,663.6375122,4.029827595,71.31482697,1.479083776,1.0,8.0,51.03349304
219,Shammi kebab,685.6908569,4.516568661,72.60784912,3.537393332,1.0,8.0,54.27416611
220,Scotch egg,676.8924561,4.051231384,72.62322998,1.907884121,0.0,0.0,90.67403412
221,Shepherd's pie (with minced meat),142.776535,7.448980808,8.878308296,8.057974815,0.0,0.0,197.2472229
222,Chicken curry,129.2239075,11.79496861,7.569104671,3.378472328,0.0,0.0,108.004715
223,Tandoori chicken,145.1986389,16.26387405,7.933260918,2.336460352,0.0,0.0,158.0015564
224,Butter chicken,137.0028992,10.92411613,8.699542046,3.744894981,0.0,0.0,26.21172333
225,Chicken kebab,729.4060669,3.707453489,78.88613129,1.113486648,0.0,0.0,69.76145172
226,Chilli chicken,198.8343048,9.572081566,16.56274414,2.859405279,0.0,0.0,223.7460022
227,Fried chicken with tomato sauce (Fried chicken tamatar ki chutney kay saath),125.0319443,11.47814178,7.610383987,2.506707191,2.5,3.0,107.5632324
228,Fish curry (Machli curry),111.1279068,8.761919975,6.691418171,3.77377224,1.0,8.0,184.7136688
229,Fried fish (Indian style) (Tali hui machli),658.5440674,4.34542799,68.88000488,5.404769897,1.0,8.0,156.9360199
230,Fried fish and Chips (English Style) (Tali hui machli aur chips),651.7488403,3.36027956,69.69393921,2.770275831,1.0,8.0,72.73255157
231,Tomato fish,489.788147,2.394464254,51.90819168,3.177288532,2.5,3.0,91.46787262
232,Baked fish with cheese sauce,113.962471,8.636777878,7.021681786,4.064233303,0.0,5.0,209.4750977
233,Fish tikka,117.3305283,15.99721813,4.149013996,3.907323837,1.0,8.0,503.4368286
234,Tandoori fish,95.97951508,11.19189358,4.64207077,2.37437129,1.0,8.0,123.9424362
235,"Paneer, apple and pineapple salad",95.08026886,3.884073734,5.067788601,8.34822464,1.8,10.0,176.6313324
236,Russian salad,114.8276596,4.262938499,7.83668232,6.499463081,1.0,8.0,101.0919113
237,Pasta salad,190.3612061,4.153348923,13.91738129,12.69622231,1.0,8.0,152.3084564
238,Deviled egg,98.55766296,4.967010975,7.715618134,2.2294209,0.0,0.0,117.2893906
239,Hawain salad,175.2334442,4.268974781,11.36647797,14.35188198,1.0,8.0,64.91674042
240,Mixed pulse and vegetable salad,83.11799622,4.73594141,0.836849093,13.96145916,1.0,8.0,127.7794571
241,Sprouted moong salad,37.80807114,2.289325237,0.738871157,5.483361721,4.0,1.0,116.3757553
242,Tossed salad,62.95880508,1.024545431,4.218504429,4.951407433,1.0,8.0,77.50202179
243,Mixed vegetable salad with curd sauce,60.28056717,4.229650021,1.500777006,7.034287453,0.0,5.0,116.656044
244,Potato salad (Aloo ka salaad),89.90807343,1.3974576,4.396949291,11.18877125,1.0,8.0,125.0106812
245,Waldroff salad,141.7532349,1.474077106,10.05103493,11.01943207,1.0,8.0,13.41853905
246,Coleslaw,76.71252441,1.238360643,5.320327759,5.590819836,1.0,8.0,29.87016487
247,Fruit salad (Phalon ka salaad),78.13645935,0.914226949,1.216611862,15.96044445,1.0,8.0,7.106660843
248,Tomato onion raita (Tamatar aur pyaaz ka raita),59.00474167,3.735541582,1.842389822,7.080774307,2.5,3.0,165.2069855
249,Peanut raita (Mungfali ka raita),150.3876038,8.590476036,8.979681015,9.30008316,1.0,8.0,235.8329315
250,Sprouted moong raita,60.89452744,4.623001575,2.187315226,6.127210617,4.0,1.0,189.2017059
251,Bottle gourd raita (Ghiya/Lauki ka raita),56.30751038,3.977819443,2.066138744,5.760406017,2.5,3.0,188.3698425
252,Cucumber raita (Kheere ka raita),59.12535095,4.036769867,2.075963736,6.34991312,2.5,3.0,189.964798
253,Carrot and spinach raita (Gajar aur palak ka raita),56.82553482,4.004861355,1.985070109,5.834925652,2.5,3.0,180.791214
254,Mint raita (Pudinay ka raita),77.58534241,5.637849331,2.96395731,7.645182133,1.0,8.0,274.3781738
255,Potato raita (Aloo ka raita),75.37963867,4.220800877,2.03962326,10.23905087,1.0,8.0,183.3670044
256,Boondi raita,687.7191162,2.193774223,73.82686615,3.962462902,1.0,8.0,99.18282318
257,Sweet raita (Meetha raita),99.2430191,3.239583254,1.779166698,17.93124962,1.0,8.0,42.984375
258,Dahi vadas/Dahi bhalla,667.7263184,2.96058774,70.40293121,5.486240864,1.0,8.0,78.99948883
259,Gunjia,667.3415527,2.982038498,70.27661133,5.677238941,1.0,8.0,77.8973999
260,Saunth/Sonth chutney with tamarind/imli,141.5258026,1.012457609,0.153785318,33.55118561,5.0,0.5,244.3757019
261,Rice kheer (Chawal ki kheer),75.02603149,2.297225475,2.972336531,10.04908752,1.0,8.0,16.23620796
262,Makhana kheer,107.8494186,3.309985399,5.004436493,12.87867928,1.0,8.0,23.40047073
263,Vermicelli kheer (Semiya/Seviyan ki kheer),120.0692368,3.354676723,4.997086048,15.87435913,1.0,8.0,22.52063751
264,Semolina kheer (Suji/Rava kheer),113.2107925,3.426756382,4.204195023,15.88238144,1.0,8.0,22.6588192
265,Paneer kheer,105.3052521,4.527268887,5.372189045,10.02911663,0.0,5.0,23.8129158
266,Cabbage kheer (Pattagobhi ki kheer),83.50871277,2.870052576,3.797400951,9.729502678,1.0,8.0,22.66781235
267,Carrot kheer (Gajar ki kheer),85.34985352,2.805594921,3.852425814,10.09109497,2.5,3.0,28.5397625
268,Cauliflower kheer (Phoolgobhi ki kheer),81.95392609,3.03789854,3.951557636,8.782567978,1.0,8.0,25.1945343
269,Moong dal kheer,77.15716553,2.952488661,2.973688841,9.894006729,4.0,1.0,16.33641243
270,Phirni,116.1173553,3.48725152,4.344455242,16.10829353,1.0,8.0,22.47098732
271,Semolina halwa (Suji ka halwa),225.6477661,2.164455652,13.38191223,24.66636276,1.0,8.0,1.279362202
272,Shahi suji halwa,382.3438416,3.480142355,21.72504616,44.43684769,1.0,8.0,2.184180975
273,Carrot halwa (Gajar ka halwa),172.6410828,3.112478971,9.732268333,18.5328846,2.5,3.0,39.95637131
274,Egg halwa (Ande ka halwa),299.7441101,7.854403973,13.41347122,39.58943176,0.0,0.0,83.04409027
275,Potato halwa (Aloo ka halwa),151.6638489,1.526275635,3.484855652,29.17604065,1.0,8.0,4.228940487
276,Pumpkin halwa (Kaddu ka halwa),190.2737579,1.32619071,8.809317589,27.60469246,2.5,3.0,8.090763092
277,Moong dal halwa,349.8030396,8.350697517,17.67928505,40.22579956,4.0,1.0,11.18888187
278,Caramel custard (steamed),121.5778046,4.970086098,4.868793011,15.01551723,0.2,5.0,43.56896591
279,Baked custard,106.5260544,5.413426876,5.303098202,9.453520775,1.0,8.0,47.12675858
280,Soft Custard (stirred),109.1819611,5.013466835,5.065971851,11.18957901,1.0,8.0,122.1715393
281,Chocolate ice cream,177.7037811,4.468894958,11.24598408,15.40889454,1.0,8.0,36.78813934
282,Mango ice cream,125.6859665,3.402543783,7.618004322,11.13508797,1.8,10.0,29.13157845
283,Fruit Ice cream (Phalon ka Ice cream),171.4606934,4.373229504,10.38054466,16.05136108,1.0,8.0,38.78287888
284,Caramel ice cream,173.5227661,4.313412189,11.1521616,14.805933,1.0,8.0,33.46606064
285,Lemon souffle,168.5054779,6.947383881,10.01911354,13.43206787,1.0,8.0,50.72784805
286,Orange souffle,168.2843018,6.798155785,9.725512505,14.19959068,1.8,10.0,49.22325897
287,Vanilla souffle,187.8539124,7.714758396,11.19429874,14.78069019,1.0,8.0,56.73057556
288,Chocolate souffle,189.3191986,7.879227161,11.36286354,14.74090958,1.0,8.0,56.06545639
289,Pineapple souffle,196.1425781,8.064504623,11.72044563,15.51683235,1.8,10.0,59.17079163
290,Apple mousse,106.9248657,4.208219051,4.273972511,12.76506805,1.8,10.0,28.78561592
291,Rich chocolate mousse,188.2603302,7.959429741,12.18508339,10.83705425,1.0,8.0,51.70546341
292,Mango mousse,124.9756851,3.207240105,8.466129303,9.140071869,1.8,10.0,19.62451553
293,Orange and pineapple cream,101.1831131,1.436044812,5.428611755,11.95652199,1.8,10.0,10.17026615
294,Charlotte rousse,188.2864532,3.954910994,4.780652046,34.08068085,1.0,8.0,56.44604874
295,Triffle pudding,116.9670639,2.933378935,3.934662104,18.23686981,1.0,8.0,26.94525146
296,Snow flakes pudding,95.21478271,4.674559593,4.968112946,8.072170258,1.0,8.0,39.59811401
297,Kulfi,98.42650604,3.208611488,4.696408272,11.30266857,1.0,8.0,23.96565247
298,Steamed orange pudding,278.0331421,2.343419075,12.03508472,41.52545166,0.2,5.0,79.10389709
299,Meringue and rice pudding,112.9268799,4.836517811,4.050312519,14.60446453,1.0,8.0,44.15892792
300,Cheese pudding,285.014801,11.29107475,18.37196159,19.2738533,0.0,5.0,37.82953262
301,Chocolate pudding,211.9634857,3.547400951,9.477615356,29.58951378,1.0,8.0,171.3564758
302,Bread and butter pudding,167.9412689,5.58700943,7.876481533,19.62779427,3.0,1.0,96.29838562
303,Queen of pudding,132.9197693,5.507628441,5.379554749,16.34950066,1.0,8.0,85.59017944
304,Pineapple upside down pudding,257.7335205,3.147427559,11.91318989,35.73171234,1.8,10.0,74.51805115
305,Date and nut pie,322.4159851,3.927433729,13.31371689,46.86371613,1.0,8.0,3.869911432
306,Stewed apple with custard,92.87266541,1.269841313,1.820458531,18.35978889,1.8,10.0,16.66313934
307,Apple snowballs,101.5112,0.857533753,0.312215805,24.58092499,1.8,10.0,12.79672432
308,Hot orange souffle,179.9652252,6.869344234,8.947623253,18.76819611,1.8,10.0,58.79581833
309,Hot chocolate souffle,226.0910034,6.700422287,11.10464764,26.21140862,1.0,8.0,54.10521317
310,Hot vanilla souffle,192.932724,6.874431133,9.073646545,21.77113724,1.0,8.0,59.58776474
311,Plain burfi (Burfi),408.3239441,9.816153526,27.96376801,30.88422012,1.0,8.0,31.65497589
312,Coconut burfi (Nariyal ki burfi),467.6354675,8.811453819,34.62643051,32.15198135,1.0,8.0,27.62554932
313,Bottle gourd burfi (Ghiya/Lauki burfi),275.9556274,5.858232498,17.67972183,24.50953293,2.5,3.0,18.1525116
314,Chocolate burfi,339.3292236,12.99769211,17.86384773,33.15384674,1.0,8.0,39.32307434
315,Cashewnut burfi (Kaju burfi/Kaju katli),421.7447815,5.475000381,28.46046448,37.9244194,1.0,8.0,4.226744175
316,Gram flour burfi (Besan burfi),421.7930603,11.193964,22.40554619,46.58642578,1.0,8.0,13.01880836
317,Semolina ladoo with khoya (Suji/Rava aur khoye ke ladoo ),428.7066345,6.713513851,21.85932159,52.85617447,1.0,8.0,14.40171051
318,Semolina ladoo with coconut (Suji/Rava aur nariyal ke ladoo ),464.4297485,5.675257683,27.03024101,50.90433121,1.0,8.0,9.060172081
319,Gram flour ladoo (Besan ladoo),476.9094849,8.933900833,22.76039124,62.6084404,1.0,8.0,5.482695103
320,Sesame ladoo (Til ke ladoo),396.9572754,10.70454597,19.64090919,43.5,1.0,8.0,18.54999924
321,Chenna murki,252.6926575,10.46324539,8.19972229,36.01109695,1.0,8.0,11.39528465
322,Milk cake,127.4081802,3.012619495,8.927241325,9.128808022,0.0,5.0,24.97302055
323,Ghujia/Lavang latika,768.9789429,1.863378167,78.93019867,13.00488758,1.0,8.0,3.277993202
324,Gulab Jamun with khoya,586.0634766,2.030522108,53.23343658,26.09215164,1.8,10.0,15.09071636
325,Mal pua,566.6776733,1.705711722,54.63563156,17.56153107,1.0,8.0,6.350835323
326,Shahi tukre,189.8100433,2.763382912,2.537765026,41.45988083,1.0,8.0,71.04485321
327,Potato pakora/pakoda (Aloo pakoda),677.1902466,1.903825164,71.83795166,6.04345417,1.0,8.0,63.38480377
328,Onion pakora/pakoda (Pyaaz ke pakode),674.6106567,1.899080873,71.83914185,5.411282539,1.0,8.0,63.54966736
329,Cauliflower pakora/pakoda (Phoolgobhi ke pakode),671.6342163,1.976174951,71.86286163,4.518176556,1.0,8.0,66.54091644
330,Mixed vegetable pakora/pakoda,673.8098755,1.938517451,71.85663605,5.123365402,1.0,8.0,65.3548584
331,Spinach pakora/pakoda (Palak pakoda),712.6192017,1.964586377,76.3780899,4.676296234,2.5,3.0,69.54491425
332,Methi pakora/pakoda (Methi ke pakode),713.2520142,2.06167078,76.39006805,4.683861256,1.0,8.0,69.82608032
333,Egg pakora/pakoda (Ande ke pakode),710.5067139,2.831543922,75.86315155,4.476509094,0.0,0.0,75.36734009
334,Bread pakora/pakoda,710.9881592,2.571321726,74.19755554,8.872590065,3.0,1.0,101.4885406
335,Paneer pakora/pakoda,718.1218872,3.270359516,76.05168152,5.524870396,0.0,5.0,131.6965637
336,Potato bonda (Aloo bonda),632.835022,1.088666439,67.79877472,4.534309387,1.0,8.0,132.5335388
337,Potato samosa (Aloo ka samosa),577.3856812,1.711783648,59.19092941,9.205666542,1.0,8.0,77.1000824
338,Minced meat samosa (Keema ka samosa),620.9884644,4.425311565,64.26115417,6.137866974,0.0,0.0,88.64081573
339,Paneer and pea samosa (Paneer matar ka samosa),623.8062744,4.017748356,63.64622116,8.548890114,0.0,5.0,78.18234253
340,Mathri,805.1233521,1.749623179,83.0970993,12.32309532,1.0,8.0,64.7046051
341,Khasta kachori,712.7287598,2.508797407,72.27396393,12.81132984,1.0,8.0,90.55682373
342,Vegetable cutlet,665.4544067,1.246700525,71.32704163,4.68482399,1.0,8.0,85.38026428
343,Flattened rice cutlet (Chirwa cutlet/Chivda cutlet/Poha cutlet),701.7111816,1.755823016,73.88726807,7.394248009,1.0,8.0,76.65470886
344,Peanut cutlet (Mungfali ke cutlet),698.7667236,2.627135992,74.0022049,5.675396919,1.0,8.0,84.23815918
345,Fish cutlet (Machli ka cutlet),654.6401367,2.768209457,70.10616302,3.129679918,1.0,8.0,75.32618713
346,Paneer potato cutlet (Paneer aloo cutlet),672.9443359,2.470283985,71.40327454,5.228550434,0.0,5.0,85.70502472
347,Spinach chickpeas cutlet (Palak channa dal cutlet),688.0281372,1.4409554,73.59933472,4.932109356,2.5,3.0,79.12749481
348,Cheese toast,785.3669434,1.984017134,84.10910797,5.485180855,0.0,5.0,121.0513306
349,Vegetable burger,519.9310913,3.262809277,50.63131714,13.68806362,1.0,8.0,168.9721069
350,Cheese pizza,249.4973755,5.791156292,12.43484306,30.62497902,0.0,5.0,397.7280579
351,Vegetable seekh kebab,690.7252197,1.573036432,73.72038269,5.323051453,1.0,8.0,83.66737366
352,Masala vada,826.0245972,1.686221004,89.15479279,4.062221527,5.0,0.5,74.53056335
353,Peanut sago vada (Sabudana mungfali vada),749.8857422,1.014498711,79.82255554,7.139414787,1.0,8.0,71.28806305
354,Vegeterian scotch egg,681.6655273,2.163021564,72.77320862,4.64202404,0.0,0.0,93.32636261
355,Paneer shaslik/tikka,93.8495636,5.112798214,4.492904186,7.980454922,0.0,5.0,103.3890533
356,Peanut brittle (Moongfali ki chikki),320.4629517,6.942639351,11.13045692,47.46446991,4.0,1.0,15.99238491
357,Spring roll,623.8739624,1.805354834,64.63278198,8.558433533,1.0,8.0,132.8436279
358,Dry mango chutney (Sookhe aam ki chutney),298.1324463,2.434478283,0.698240101,69.1704483,1.8,10.0,437.9145813
359,Peanut chutney (Mungfali ki chutney),258.3667603,11.7951479,19.06409836,9.865445137,5.0,0.5,475.3409424
360,Coconut chutney (Nariyal ki chutney),265.9245911,3.590065002,24.99911308,8.291091919,5.0,0.5,428.2818298
361,Mint and coriander chutney (Pudinay aur dhaniye ki chutney),102.595314,2.813388348,0.506881535,21.18227959,5.0,0.5,391.6641846
362,Custard tart,225.5993042,3.723103762,10.72502136,28.65911102,1.0,8.0,59.73914719
363,Lemon tart,303.3526001,6.117336273,17.44845009,30.68358231,1.0,8.0,76.09460449
364,Jam tart,360.7218018,4.418653011,17.35129547,46.17616653,1.8,10.0,70.33782196
365,Orange cream tart,197.1592712,2.577662468,8.721904755,27.43480492,1.8,10.0,36.85004425
366,Pineapple tart,195.4042969,2.287935257,8.214736938,28.61894798,1.8,10.0,37.88275146
367,Cheese and mushroom tart,246.0964203,5.508494377,15.28492546,21.42671013,0.0,5.0,212.4222717
368,Cottage cheese pie,238.9797211,7.448158741,13.82702255,20.66069412,0.0,5.0,103.2914581
369,Minced meat pie,221.5529022,7.378210068,13.03927422,18.11471367,0.0,0.0,127.8515091
370,Apple cinnamon pie,258.734375,3.351446629,12.20546913,33.67833328,1.8,10.0,60.14255524
371,Lemon meringue pie,224.4261322,3.876493931,8.156573296,35.10692978,1.0,8.0,85.12271118
372,Chocolate meringue pie,214.7573242,4.979538441,9.17438221,28.80054283,1.0,8.0,80.77204895
373,Cream puffs,221.3268433,4.699136257,15.4815197,16.00483704,1.0,8.0,98.75509644
374,Chocolate eclairs,239.4154205,4.237518311,13.4968977,26.21979332,1.0,8.0,85.87769318
375,Cheese balls,681.2822876,2.21100378,72.56733704,4.809665203,0.0,5.0,120.6973419
376,Minced meat patties,265.7190247,6.8773489,19.57142639,15.25434589,0.0,0.0,252.1827545
377,Cheese patties,324.0090942,7.381089687,22.66856194,22.23377228,0.0,5.0,295.2244263
378,Hot cheese souffle,177.0967255,9.182578087,13.23027802,5.405745506,0.0,5.0,286.957428
379,Hot potato souffle,125.6387558,5.507102966,7.644676208,8.564294815,1.0,8.0,97.19923401
380,Hot fish souffle,142.921051,11.22653008,9.24467659,3.69231081,1.0,8.0,110.9350204
381,Hot spinach souffle,104.2473907,5.433976173,7.239029408,4.188166142,2.5,3.0,104.6934357
382,Plain cream cake,353.9397278,6.181830883,16.16680717,47.18427277,1.0,8.0,173.9957733
383,Apple cake (Seb ka cake),290.0763855,4.937720299,12.86799622,39.48321533,1.8,10.0,136.9531403
384,Marble cake,354.1051331,6.299614906,16.26556206,46.87871552,1.0,8.0,138.4774323
385,Chocolate cake,335.6086731,6.006793976,15.18386459,45.13715363,1.0,8.0,241.9256897
386,Orange cake,357.6085815,6.099879742,16.21464539,48.27658844,1.8,10.0,105.4055252
387,Fruit Loaf,324.1949463,5.36425066,13.31402683,46.49192429,1.0,8.0,160.5986176
388,Banana cake (Kele ka cake),389.5144653,5.772431374,23.31423187,39.99608612,1.8,10.0,117.8056107
389,Chocolate chiffon cake,311.7092896,5.764435768,15.7990303,37.86885452,1.0,8.0,188.5887909
390,Christmas cake,372.9477234,5.492805958,16.88383102,48.29463959,1.0,8.0,64.84249878
391,Strawberry and vanilla cake with butter icing,370.5380859,3.890472174,20.38861084,44.25393295,1.0,8.0,107.266098
392,Eggless cake,318.0814209,8.119446754,11.75040436,46.14249039,0.0,0.0,310.5029297
393,Swiss roll,251.8735199,7.296679497,3.767035484,48.33952713,1.0,8.0,51.89723206
394,Pineapple pastry,208.2084961,6.058520317,7.874136925,29.03999901,1.8,10.0,44.29945374
395,Black forest pastry,233.545578,6.087828159,8.463431358,34.47667694,1.0,8.0,53.4348526
396,Coconut finger,274.8556824,7.09024477,8.86209774,42.55716705,1.0,8.0,46.86363602
397,Pineapple cake,195.5715485,5.013372421,9.343976974,23.50896645,1.8,10.0,37.47485352
398,Chocolate walnut cookies (Chocolate aur akhrot ke cookies),424.8010559,6.559678078,23.62210846,47.09653854,1.0,8.0,280.4386292
399,Chocolate chip cookies,425.2902832,5.790704727,19.3783226,57.97942734,1.0,8.0,278.293335
400,Sweet plain biscuit,380.7574768,5.859417439,17.66660118,50.29009628,1.0,8.0,132.593399
401,Chocolate biscuit,379.7616577,5.876329899,17.09229279,51.56403351,1.0,8.0,127.0194473
402,Coconut biscuit (Nariyal ke biscuit),434.9830933,5.780740738,27.16074181,42.90459061,1.0,8.0,105.758812
403,Sweet and salty biscuit (Meethay aur namkeen biscuit),407.9567566,6.153419495,22.38549232,45.08714676,1.0,8.0,414.7036133
404,Peanut biscuit,401.0492249,8.450937271,20.40828133,46.72406006,1.0,8.0,202.2603149
405,Pin wheel biscuit,404.6002197,5.399580479,18.66079521,54.56477737,1.0,8.0,131.7308197
406,Saffron biscuit (Kesar biscuit),458.6100769,6.047318459,22.0112381,59.70264816,1.0,8.0,5.65286541
407,Masala biscuit,393.6421509,6.061443329,20.75020599,45.1802063,5.0,0.5,714.5203247
408,Ice box cookies,374.2432861,5.69883728,14.43691444,56.09218216,1.0,8.0,449.1414795
409,Ginger bread man,364.9998169,6.609490871,11.00603676,60.25521469,3.0,1.0,477.986969
410,Danish cookies,475.3273621,5.333333015,24.91542244,58.00497437,1.0,8.0,201.064682
411,Short bread cookies,443.0935364,6.027046204,17.98434067,64.81565857,3.0,1.0,145.0049896
412,Coffee biscuit,416.5721741,6.897576809,23.00468445,46.55347061,0.2,5.0,112.5298843
413,Melting moments,437.9105225,5.713255405,21.7791996,55.835392,1.0,8.0,119.0884781
414,Ginger biscuit (Adarak ke biscuit),417.9089966,5.981011391,18.30567551,58.44478607,1.0,8.0,79.68214417
415,Soyabean muthias,839.3265991,2.456706524,90.44906616,3.702128887,1.0,8.0,78.24902344
416,Soyabean tikki,698.1696167,3.534716845,74.01758575,4.386415005,1.0,8.0,88.71622467
417,Soyabean namak paras,838.463562,2.650986671,89.82512665,4.650168896,1.0,8.0,72.05317688
418,Peanut burfi (Moongfali ki burfi),550.9937134,9.311023712,36.8409462,48.13779449,4.0,1.0,6.77559042
419,Spinach peanut namak paras (Palak moongfali namak paras),740.164856,1.654333711,78.5110321,6.616377831,2.5,3.0,73.15365601
420,Gram flour and semolina chilla/cheela/savory pancake (Besan suji chilla/cheela),758.8948364,2.076328993,80.03778839,7.63239193,1.0,8.0,74.88355255
421,Rice moong dal cheela (Chawal aur moong dal ka cheela),798.2612915,2.740994692,82.43790436,11.12778759,4.0,1.0,142.8216095
422,Split bengal gram sweet rice (Channa dal sweet rice),190.2114105,4.154545307,0.64409095,41.07227325,4.0,1.0,8.380000114
423,Sweet poori (Meethi poori),782.7457275,2.118032694,79.63114929,14.26278687,1.0,8.0,2.56606555
424,Wheat flour and moong dal burfi (Atta aur moong dal ki burfi),441.0816956,9.835238457,18.41142845,59.99618912,4.0,1.0,5.248571396
425,Spinach burfi (Palak burfi),121.1724396,2.707460642,6.814060211,12.76034451,2.5,3.0,27.77490616
426,Sweet split chickpea roti (Sweet channa dal roti/Puranpoli),366.5869751,9.514519691,7.927868843,62.66041946,4.0,1.0,12.05386353
427,Sprouted moong daliya,111.5632477,2.805094957,4.709778309,14.77253151,3.0,1.0,196.7294312
428,Sprouted moong poha,192.6034241,5.592452049,6.885891438,26.60483932,4.0,1.0,220.8244171
429,Pearl millet ladoo (Bajra ladoo),319.6562195,9.613684654,8.058947563,50.98263168,1.0,8.0,12.26105213
430,Paushtik ladoo,485.8724365,7.651785851,24.98250008,60.33535767,1.0,8.0,6.093571186
431,Paushtik roti,149.2551727,7.168041706,1.508170485,26.59406662,1.0,8.0,170.9580383
432,Semolina carrot vada (Suji gajar vada),699.5288086,1.559907794,74.07450104,6.520737171,2.5,3.0,73.16743469
433,Dhokla,216.4854584,13.44774532,5.283342361,30.6843338,1.0,8.0,376.0176392
434,Kashmiri tea (Kehwa),24.90366554,0.17414102,0.506342053,5.232052803,0.2,5.0,0.292384118
435,Steeped hot coffee,15.90804482,0.386633664,0.332673252,3.010396004,0.2,5.0,2.816336632
436,Hot chocolate,90.00577545,3.429396391,4.611023903,9.018110275,1.0,8.0,36.04094315
437,Cold coffee (with cream),82.7640686,1.934131742,3.289820433,11.98323345,0.2,5.0,15.3520956
438,Banana milkshake with ice cream (Kele ka milkshake ice cream ke saath),76.44817352,2.014117718,2.771176577,11.15352917,0.2,5.0,16.6258812
439,Flavoured milkshake,66.77578735,2.058947325,2.829473734,8.646315575,0.2,5.0,16.34315681
440,Jal jeera,30.24080658,0.437866539,0.259821236,6.700246334,1.0,8.0,215.6183929
441,Gingo,48.01787186,0.136288658,0.059364259,12.41860867,1.0,8.0,21.50152969
442,Mintade,40.32213593,0.033421051,0.023464913,10.59478092,1.0,8.0,26.69355202
443,Canjee,6.614322186,0.244101807,0.42344591,0.436123341,1.0,8.0,43.03103256
444,Cauliflower canjee (Phoolgobhi ki canjee),6.896761417,0.389034063,0.422818482,0.34624359,1.0,8.0,41.44815826
445,Potato canjee (Aloo canjee),16.26383209,0.435211271,0.388433635,2.685446024,1.0,8.0,35.98950195
446,Vermicelli porridge (Semiya/Seviyan porridge),78.39782715,2.496595144,2.982597589,10.56494331,3.0,1.0,65.33417511
447,Semolina upma (Suji/Rava upma),147.8926239,3.300867319,7.493270874,16.31265831,1.0,8.0,101.5870132
448,Vermicelli upma (Semiya/Seviyan upma),149.107254,3.110758543,7.446214199,16.87545586,1.0,8.0,101.7978287
449,Rice upma,151.2665863,2.628898859,7.45750761,17.9558754,1.0,8.0,101.7470093
450,Bread upma,129.513443,2.796420336,7.749258518,12.59895134,3.0,1.0,176.4427795
451,Vegetable upma,146.4681702,4.727303982,6.631543636,16.45557404,1.0,8.0,347.0248108
452,Poha,294.5255127,6.085385799,14.13822842,35.04796982,1.0,8.0,377.0968628
453,Vegetable poha,180.5158539,4.88825798,8.069046021,21.52060127,1.0,8.0,418.0244446
454,Moong dal stuffed cheela/chilla (Moong dal ka cheela/chilla),154.885025,6.973777294,5.114756584,19.42352104,4.0,1.0,267.2310181
455,Paneer stuffed cheela/chilla,205.1893005,11.43620205,8.886109352,19.15979195,0.0,5.0,289.0993958
456,Indian style egg bhujia (Anda bhujia (Indian style)),102.8344269,6.096826553,7.019655228,3.761813402,0.0,0.0,218.0529327
457,French omelette/omlet,211.0394897,10.03088188,18.85691261,0.411323518,1.0,8.0,381.8535156
458,Puffy omelette/omlet,188.1486969,8.815789223,16.83552551,0.078947365,1.0,8.0,340.5263062
459,Orange omelette/omlet,194.66185,8.934210777,16.83552551,1.677631617,1.8,10.0,340.921051
460,Cheese and mushroom omelette/omlet,205.6268463,9.69140625,17.81929779,1.682578087,0.0,5.0,400.2940674
461,Spanish omelette/omlet,157.447403,8.250065804,11.43927574,5.100065708,1.0,8.0,233.8673706
462,Mixed stock,25.19252777,2.064835072,1.713406563,0.332087904,1.0,8.0,9.512746811
463,Meat stock,24.48275948,2.103448153,1.775862098,0.0,0.0,0.0,8.620689392
464,White stock,6.98718977,0.06797386,0.555817008,0.398954242,1.0,8.0,1.564182997
465,Meat consomme (with mutton),29.76418877,14.85892868,13.67758465,0.509090185,0.0,0.0,12665.51855
466,Consomme au julienne,27.76263237,12.49298573,10.65753365,1.491213083,1.0,8.0,10208.46973
467,Consomme au vermicelli,29.94413757,15.23120117,12.98159981,1.30088532,1.0,8.0,12524.60547
468,Green pea soup (Matar ka soup),39.80643082,11.06456852,12.89562893,3.632769823,1.0,8.0,10958.10742
469,Spinach soup (Palak ka soup),32.59222412,10.53670883,14.26410198,3.025835514,2.5,3.0,12088.20801
470,Mixed vegetable soup,35.7097435,8.215634346,11.66197014,2.948354959,1.0,8.0,9202.267578
471,Cheese soup,41.13197327,12.38849926,17.07173347,1.868424535,0.0,5.0,13695.34766
472,Mulligatawny soup,54.42295837,11.26493549,13.27671719,8.236784935,1.0,8.0,11602.49512
473,Cream of carrot soup,59.76658249,8.27436924,12.35193825,5.687576294,2.5,3.0,8694.793945
474,Cream of broccoli soup,56.14227676,8.969630241,12.74629307,3.72043848,1.0,8.0,8792.429688
475,Cream of potato soup,60.2033844,8.100199699,12.04999447,6.142794132,1.0,8.0,8503.991211
476,Almond soup (Badam ka soup),78.65080261,10.13052368,13.79874229,3.682903528,1.0,8.0,8376.935547
477,Cold cucumber cream soup,11.87667942,0.336496741,0.337045759,1.759111166,2.5,3.0,207.890686
478,Cold tomato soup,16.90400696,0.113406189,1.557085633,0.591766834,2.5,3.0,287.1494751
479,Chicken stew,127.545578,7.192839622,8.91223526,4.441752911,0.0,0.0,79.61584473
480,Veg paneer stew,145.5452118,6.984574795,8.407440186,10.21522713,0.0,5.0,73.15274811
481,Onion-green chilli parantha/paratha (Pyaaz aur hari mirch ka parantha/paratha),191.2708282,4.371401787,7.268971443,26.37024498,1.0,8.0,241.1909027
482,Methi parantha/paratha,148.3622894,4.271204472,4.344996452,22.19110298,1.0,8.0,48.35766602
483,Bathua poori,598.7944336,2.352811813,59.1374054,13.85232258,1.0,8.0,49.71075821
484,Gram flour poori (Besan poori),697.664917,2.586725712,71.51268005,10.93451309,1.0,8.0,58.32625198
485,Beetroot poori (Chukandar ki poori),527.6575928,1.912888646,52.17767715,12.28864384,1.0,8.0,46.48143387
486,Peas poori (Matar ki poori),592.8313599,3.036515474,57.69212341,14.91742229,2.5,3.0,47.76563263
487,Peas kachori (Matar kachori),584.6833496,3.213043213,57.50550842,13.24767208,2.5,3.0,55.4510231
488,Pizza,146.7727051,6.848748684,8.723817825,9.942834854,1.0,8.0,225.0174713
489,Bacon and mushroom pancake,157.6691437,6.820419788,10.60208893,8.468841553,1.0,8.0,344.2349548
490,Cheese and tomato pancake,147.3852692,5.145699024,9.283824921,10.66385555,2.5,3.0,281.6183167
491,Minced meat pancake (with chicken),116.0413208,12.01272583,10.47835636,8.17706871,0.0,0.0,4942.177734
492,Eggplant/Brinjal rice (Vangi bhat),184.7958069,5.278867245,3.673873186,31.73951912,2.5,3.0,59.05540466
493,Kashmiri 'tahar',98.20726776,1.951994777,1.365231872,19.10806084,1.0,8.0,61.29308319
494,Cumin pulao (Jeera/Zeera pulao),135.2413483,2.472125769,3.196450949,23.61042595,1.0,8.0,219.7330933
495,Peas pulao (Matar pulao),108.8690262,3.893981695,1.902913809,18.4157238,2.5,3.0,86.17954254
496,Split bengal gram dal and vegetable pulao (Channa dal and vegetable pulao),116.5250168,3.600520611,2.296186924,19.72002792,4.0,1.0,98.06568146
497,Black channa pulao/ Bengal gram pulao (Kale chane ka pulao),125.5122681,3.436180353,2.578067541,21.55298615,1.0,8.0,103.0861053
498,Mutton pulao,130.7720337,6.517856121,10.78027821,11.26022053,1.0,8.0,3115.587158
499,Chicken pulao,108.2407074,6.074903011,8.476006508,11.16752625,0.0,0.0,3093.470459
500,Mexican rice,120.5663147,4.623010635,4.880230427,14.2142601,1.0,8.0,93.41668701
501,Plain khitchdi (Plain khichri/khichdi),57.0304985,1.717813611,1.006341457,10.0418644,3.0,1.0,37.14425278
502,Instant idli (with semolina),247.2870483,9.164912224,3.60707736,43.40259552,1.0,8.0,1504.66272
503,Plain dosa,380.9057922,10.33636665,8.430865288,64.07878876,1.0,8.0,142.9792328
504,Masala dosa mixed vegetable fillings,144.5328979,4.835011959,3.257517815,23.01639175,5.0,0.5,122.0806961
505,Masala dosa paneer fillings,243.1155853,10.30857754,8.843331337,29.75511551,0.0,5.0,160.399826
506,Uttapam,255.9463501,6.183180332,9.02870369,36.2771492,1.0,8.0,228.6923828
507,Appam,267.6977234,3.11967206,22.62966728,13.27937317,1.0,8.0,26.59439278
508,Beans and macaroni,136.0823364,4.583008766,7.014297009,14.24249744,1.0,8.0,182.7870941
509,Spaghetti bolognese,97.4262085,9.350064278,9.51491642,10.04308033,1.0,8.0,5358.596191
510,Meat and macaroni casserole,161.5495148,9.146741867,10.16791534,16.12368393,0.0,0.0,2511.986084
511,Spaghetti with meat balls and tomato sauce,158.1268158,5.606260777,10.64010143,10.45776463,2.5,3.0,189.1266327
512,Spaghetti with paneer balls and tomato sauce,158.535965,3.953865528,10.4376049,12.7246294,2.5,3.0,199.5530396
513,Lasagne with meat sauce,63.3764801,2.901586533,3.434756279,5.382512093,0.0,0.0,37.0819397
514,Lasagne with vegetables,49.22756577,1.705110192,2.160186529,5.904449463,1.0,8.0,40.78461075
515,Home made egg noodles,240.8446045,6.546877384,4.373616219,42.9210968,3.0,1.0,177.2431183
516,Sour lentils (Khatti dal),34.78679657,2.215777636,0.12412715,6.039076805,4.0,1.0,115.6044693
517,Urad special dehusked,69.43492889,3.140222788,2.168675423,8.862365723,1.0,8.0,109.558548
518,Arhar with spinach (Arhar dal aur palak),52.83700562,2.051043272,2.755333662,4.765925884,2.5,3.0,109.9670868
519,Moong dal with vadi,24.07896423,0.397086382,2.048027277,0.995238185,4.0,1.0,112.3644791
520,Rasam with tamarind (Puli rasam/ Chintapandu rasam/ Charu/Saaru),26.74053764,1.131631613,0.881819069,3.369755507,1.0,8.0,104.1064987
521,Rasam with lemon (Nimmakaya rasam/Nimmakaya charu/Elumichai rasam/Nimbe hannina saaru),24.41213608,1.106015205,0.874419451,2.845593214,1.0,8.0,102.7670441
522,Green gram whole with baghar (Sabut moong dal with tadka),63.43487549,3.230570555,2.4796803,6.795018196,4.0,1.0,181.6912689
523,Urad sabut special,79.39273071,2.32885623,5.461534023,5.032357216,1.0,8.0,60.08768082
524,Kabuli channa curry,68.57402802,2.921878099,3.057252645,7.627630234,1.0,8.0,122.0541458
525,Besan gatte curry,189.3798676,7.75494194,10.72056675,16.25631332,1.0,8.0,356.2746582
526,Dry masala chops,135.0722198,9.079808235,9.536886215,3.299425125,5.0,0.5,83.47360229
527,Mutton korma,115.6387711,7.092463493,8.535347939,2.532215357,1.0,8.0,56.93549728
528,Shahi keema kofta curry,418.1347961,4.140879154,43.82570267,1.732283711,1.0,8.0,104.5304642
529,Minced meat ball curry,109.7863617,6.816090107,7.846933842,2.858425617,0.0,0.0,170.0554962
530,Boti kebab,132.8579559,9.223479271,9.267193794,3.062425137,1.0,8.0,78.14322662
531,Mutton seekh kebab,133.9378815,11.25020027,8.434111595,3.108169317,1.0,8.0,102.1694412
532,Indian lamb and egg curry (Nargisi kofta),335.7512817,3.839743853,34.69672775,2.069631338,0.0,0.0,57.43823624
533,Soya chunks sweet and sour (Nutrinugget sweet and sour),500.9414978,2.853549719,55.99108505,3.273944378,1.0,8.0,2257.668945
534,Soya chunks korma (Nutrinugget korma),131.4271088,3.861602783,9.499078751,7.671975136,1.0,8.0,148.97612
535,Mushroom matar,70.77049255,2.791977167,4.107232094,5.332342625,1.0,8.0,61.62757111
536,Soya chunks and peas (Nutrinugget matar),82.62155151,3.029198885,5.108036518,5.819057941,2.5,3.0,70.96722412
537,Vegetable yakhni,406.0583801,1.175462723,43.79631042,1.939611197,1.0,8.0,38.05327988
538,Spinach mushroom (Palak mushroom),47.6253891,1.940399528,2.956538677,2.95353961,2.5,3.0,70.96699524
539,Vegetarian nargisi kofta curry,332.1537781,2.288038254,32.93953323,6.578351498,1.0,8.0,73.55712891
540,Roast chicken,199.9028473,20.48563385,13.06325245,0.100346766,0.0,0.0,71.70584106
541,Shahi chicken masala,163.6950836,9.824180603,12.01685524,4.065444946,0.0,0.0,142.5606079
542,Tomato chicken,111.6800919,10.57033348,6.714834213,2.132354975,2.5,3.0,104.8283768
543,Creamy chicken,152.8658142,13.51769066,9.574430466,3.125948906,0.0,0.0,97.08478546
544,Broccoli chicken ala king,119.5610657,7.973781109,7.572684288,5.337180614,0.0,0.0,104.0091476
545,Ginger chicken,129.1676483,8.244894981,8.240785599,5.59924984,0.0,0.0,365.8567505
546,Chicken sweet and sour,445.0939636,6.920297623,47.59152603,2.66603756,0.0,0.0,1809.935059
547,Chicken korma,147.958374,9.830964088,9.674144745,5.429599762,0.0,0.0,119.2121353
548,Bengal fish curry (Bengali machli curry),109.4332657,7.263133526,7.026848793,4.419909477,1.0,8.0,76.37984467
549,Fish finger,542.9013062,5.655504227,55.82164764,4.474176407,1.0,8.0,103.5458374
550,Fish in coconut milk (Nariyal ke doodh ke saath machli),86.20545197,8.659459114,4.43185997,2.730934143,0.0,5.0,73.92955017
551,Prawn curry (with coconut) (Jhinga curry),109.5486908,8.543452263,6.929214001,3.103473425,1.0,8.0,375.863739
552,Baked stuffed fish,121.9603806,16.13819885,5.42735815,2.121294975,1.0,8.0,74.3615036
553,Fish pie,120.8950272,9.250432968,5.772898674,7.743610859,1.0,8.0,101.7960968
554,Crispy baked fish,138.4017944,10.95356846,6.413250923,9.587173462,1.0,8.0,192.4231415
555,Fish souffle,139.7071686,10.50834656,8.546370506,5.13899231,1.0,8.0,92.45176697
556,Potato curry (Aloo ki sabzi),89.55504608,1.517779469,4.468658924,10.41994762,1.0,8.0,78.39628601
557,Egg curry (Anda curry),117.5206909,5.383247375,8.809445381,4.03344202,0.0,0.0,142.1213989
558,Vegetable curry with coconut,83.07126617,2.774009705,4.655509472,7.18531847,1.0,8.0,43.39758301
559,Curd with potatoes (Dahi aloo),59.90421677,1.563429236,2.720989227,7.146248341,0.0,5.0,51.99082184
560,Potato kofta curry (Aloo kofta curry),455.3974609,0.560030282,49.08486557,2.783807516,1.0,8.0,30.12199211
561,Yam kofta curry (Zimikand/Suran kofta curry),322.8794861,0.714913905,33.83530426,3.748732328,1.0,8.0,42.22227097
562,Jackfruit kofta curry (Kathal ka kofta curry),321.0828247,0.804482877,33.83210373,3.166533947,1.0,8.0,40.03742981
563,Spinach and potato (Palak aloo),57.17095566,1.629987478,2.819675446,5.912322044,2.5,3.0,62.45978546
564,Mooli bhujia,91.20166779,1.686920643,7.250315666,4.744147778,1.0,8.0,89.73052216
565,Bathua bhujia,90.90053558,2.263979435,7.288114071,3.630348682,1.0,8.0,81.98684692
566,Cabbage rolls (dry) ((Pattagobhi rolls) (dry)),142.4750519,8.206126213,9.358618736,6.09401989,1.0,8.0,118.0532761
567,Cabbage rolls (curry) ((Pattagobhi rolls)(curry)),124.6274872,5.75963068,8.167663574,7.032143593,1.0,8.0,123.9843445
568,Dry arbi (Sookhi arbi),134.9450531,2.116119862,8.966598511,11.1065855,1.0,8.0,81.24510193
569,Masala arbi,185.3769379,3.007230043,11.90277958,16.15777206,5.0,0.5,261.3064575
570,Peas brinjal bhartha (Matar baingan bhartha),84.54545593,2.051243067,6.051887989,5.018434525,2.5,3.0,63.65240479
571,Okra/Lady's fingers fry (Bhindi sabzi/sabji/subji),110.8084793,1.830407619,9.27352047,4.503156185,2.5,3.0,92.77507782
572,Crispy okra/Crispy lady's fingers (Karare bhindi),657.7600708,1.911816239,70.39558411,4.348548412,2.5,3.0,40.4163475
573,Beans foogath,105.0645905,2.025356293,9.221795082,3.259004116,1.0,8.0,81.22497559
574,Stuffed bittergourd (wet) (Bharwa karele),162.3615417,1.363472223,15.24490738,4.6799016,2.5,3.0,360.0853577
575,Jackfruit/Kathal (dry),488.974762,0.929660141,51.78341293,4.564837456,1.0,8.0,33.68412399
576,Yam fried (Zimikand/Suran fried),491.7631531,0.790650547,51.78837585,5.468400002,1.0,8.0,37.07496643
577,"Cauliflower, pea and potato bhujia (Phoolgobhi, matar aur aloo bhujia)",95.66664886,2.754458189,5.540585041,8.233966827,1.0,8.0,86.28689575
578,Vegetable jalfrezi,68.47779846,1.404845119,4.375165462,5.425917149,1.0,8.0,79.45895386
579,Vegetables stir fry,30.78130722,1.035225272,1.473037243,3.194504499,1.0,8.0,54.99731064
580,Broccoli delight,40.69699097,2.490350962,2.484085321,2.342355967,1.0,8.0,59.25939941
581,Dhansak (vegetarian),82.80193329,3.322080612,4.179668427,7.278299332,1.0,8.0,34.17921829
582,Cauliflower basket,90.94753265,5.205246925,5.880738258,3.969550371,1.0,8.0,194.2165985
583,Stuffed bottle gourd (Stuffed ghiya/lauki),93.18714142,5.837943554,5.802958012,4.361070633,2.5,3.0,106.9859161
584,Ducheese potato,140.5391541,3.602362633,9.010547638,10.93636513,0.0,5.0,103.8496246
585,Roast potatoes,87.31853485,1.526165962,2.354518414,14.52199268,1.0,8.0,90.66899109
586,Stuffed baked potatoes,100.1980515,3.815320253,4.39084053,11.03472042,1.0,8.0,92.08602142
587,Potato nests,111.6167221,5.706343174,4.765179157,11.04868984,1.0,8.0,182.1227417
588,Parsley potato,119.5138016,1.489170432,6.278064728,13.81119823,1.0,8.0,4.622488499
589,Creamed spinach and mushroom,419.6154175,2.27808404,44.13742828,3.167579889,2.5,3.0,90.20628357
590,Fricassee of Mushroom,106.6633835,3.65140295,6.633207798,8.132780075,1.0,8.0,118.9821243
591,Cauliflower au gratin,145.8968048,4.453841209,10.20461464,9.134358406,1.0,8.0,164.9605255
592,Vegetable and cheese pie,126.8770294,4.029071331,8.281412125,8.757074356,0.0,5.0,117.9889679
593,Spinach souffle,150.1799011,7.357641697,10.5208149,6.273834705,2.5,3.0,244.0651855
594,Beetroot and egg salad (Chukandar aur ande ka salad),84.91504669,3.356741428,6.453707695,3.402134895,0.0,0.0,110.1244965
595,Sour cream potato salad,121.8978348,2.888379574,8.126080513,9.052945137,1.0,8.0,102.6619644
596,Tossed green salad,49.87812805,1.334036708,3.236513853,3.815504551,1.0,8.0,65.08802795
597,Spring basket salad,160.456955,3.362857103,11.29714298,11.60666656,1.0,8.0,26.02285767
598,Cucumber and yogurt salad (Kheere aur dahi ka salad),36.12581635,2.091189623,0.926752985,4.723781109,2.5,3.0,141.7254791
599,Chicken and tomato towers,100.5517883,6.900942802,6.99131012,2.363588095,2.5,3.0,76.0161438
600,Jellied sunshine fruit salad,48.86491776,5.851489067,0.848128796,4.207062244,1.0,8.0,74.20237732
601,Tomato aspic,50.3733139,6.873765945,0.261727929,5.0230093,2.5,3.0,98.16595459
602,Frozen frosty fruit salad (Phalon ka salaad),103.5074158,1.6776824,4.171952724,15.6080904,1.0,8.0,13.23126602
603,French dressing,733.7692871,0.322649002,79.64860535,3.675629139,1.0,8.0,261.1336365
604,Mayonnaise without eggs,329.0537109,2.131207228,33.83994675,3.98491931,0.0,0.0,193.5844879
605,Curd dressing,78.79560089,5.58583498,2.903432369,8.028802872,0.0,5.0,204.6170197
606,Carrot raita (Gajar ka raita),64.7843399,4.136575222,2.185181618,7.185221195,2.5,3.0,274.4648132
607,Pumpkin raita (Kaddu ka raita),55.60216522,3.73505187,1.883962154,6.017682552,2.5,3.0,129.1407318
608,Mint and peanut raita (Pudinay aur moongfali ka raita),112.0466461,7.046495438,6.191745758,7.311146736,4.0,1.0,223.0090485
609,Spinach raita (Palak ka raita),52.75460052,3.948328018,1.85831964,5.058942795,2.5,3.0,126.572403
610,Bathua raita,54.40149689,4.125519276,1.759879947,5.30996418,1.0,8.0,110.9204865
611,Pineapple raita (Ananas ka raita),67.74183655,3.89819932,2.021782875,8.621537209,1.8,10.0,135.4843903
612,Banana raita (Kele ka raita),89.03275299,4.127990246,2.072148085,13.51010513,1.8,10.0,135.4277191
613,Mango raita (Aam ka raita),67.36566925,3.904495001,2.144547939,8.231207848,1.8,10.0,135.4560547
614,Guava raita (Amarood ka raita),64.35635376,4.187798977,2.072148085,7.271121979,1.8,10.0,135.9376678
615,Grapes raita (Angoor ka raita),72.59436035,3.975321054,2.067426443,9.657170296,1.8,10.0,135.6354828
616,Bottle gourd kheer (Ghiya/Lauki kheer),84.0734787,2.700978756,3.856847286,10.00212193,2.5,3.0,19.61544609
617,Pumpkin kheer (Kaddu ki kheer),86.35009003,2.758879423,3.8624506,10.43544292,2.5,3.0,20.98825073
618,Apple kheer (Seb ki kheer),81.29505157,2.137355804,3.180016756,11.34451103,1.8,10.0,15.85580254
619,Caramel custard (baked),122.6964493,5.11321497,5.009002209,14.95476723,1.0,8.0,44.7827034
620,Vanilla ice cream without egg,228.67276,2.688038111,18.14554405,14.20524216,0.0,0.0,23.96505165
621,Vanilla ice cream with egg,214.8503723,4.16441679,17.0243206,11.70766068,0.0,0.0,37.72394562
622,Strawberry ice cream,215.6056366,4.151202679,16.95876312,12.25704479,1.0,8.0,37.61924362
623,Chocochip ice cream,241.4458923,4.225705147,17.92790031,16.75485802,1.0,8.0,34.84388733
624,Choconut ice cream,273.9561157,5.040565491,18.49078369,23.12738609,1.0,8.0,29.83220673
625,Pear chocholate sunday,183.4873505,2.0844872,13.11109257,15.01530266,1.0,8.0,16.26076889
626,Chocolate sauce,263.2000122,1.909999967,10.39000034,43.20999908,0.5,10.0,2.799999952
627,Coffee ice cream,150.6199646,3.147430182,9.430323601,14.08952522,0.2,5.0,42.08560562
628,Coffee pear alaska,203.9894867,2.883115292,13.21527672,19.36335564,0.2,5.0,51.10514069
629,Crunchy butterscotch,277.3192444,3.112901926,20.9942894,19.92208099,1.0,8.0,22.24176025
630,Peach melba ice cream,200.8457336,2.056551695,14.50646687,16.30682755,1.0,8.0,17.91804886
631,Vanilla ice cream with apples in hot cherry sauce,196.3192596,1.734947205,11.45409393,22.75077629,1.8,10.0,31.53536606
632,Grape and orange whip,57.39074707,1.413553715,2.622396708,6.716528893,1.8,10.0,14.36115646
633,Honey banana cream,125.4892731,2.775166035,6.675106049,13.63667679,1.8,10.0,15.65027237
634,Raspberry bavarian cream,150.1045532,3.342953444,7.875611782,17.8206749,1.0,8.0,24.58649826
635,Fruit delight,107.0916672,2.085233927,7.091520786,9.10891819,1.0,8.0,17.2730999
636,Creamy chocolate mousse,230.5218201,6.850801468,18.15832329,9.526510239,1.0,8.0,48.63625336
637,Cold lemon souffle,169.8651581,5.893814087,9.781443596,15.62474155,1.0,8.0,46.35051727
638,Cold orange souffle,173.1899872,5.939378262,9.824922562,16.27274513,1.8,10.0,46.53362656
639,Cold pineapple souffle,181.2184296,6.229824543,10.38728046,16.84868431,1.8,10.0,49.38158035
640,Cold vanilla souffle,179.539093,6.215931892,10.31678009,16.28898239,1.0,8.0,49.09279633
641,Cold chocolate souffle,187.5276794,6.367900848,10.86337471,17.21646118,1.0,8.0,47.76502228
642,Stewed fruit (with pear),74.32410431,0.250207484,0.319585055,18.22049713,1.0,8.0,1.702531099
643,Apricot fool,240.7927856,1.537380219,11.34609509,33.640625,1.0,8.0,8.278452873
644,Pavlova,200.5955963,1.844867945,12.2893343,21.84377289,1.0,8.0,26.34148026
645,Apple crumb pudding,220.850708,1.539694667,8.871500969,35.16666794,1.8,10.0,59.36056137
646,Steamed cake with chocolate sauce,301.9082031,4.490588188,19.01411819,29.06365585,0.2,5.0,100.3210068
647,Hot lemon souffle,155.2504578,5.288147926,7.934320927,16.3108654,1.0,8.0,47.75432205
648,Gulab jamun with milk powder,471.153656,0.852587998,40.15122223,28.24231911,1.8,10.0,67.28330994
649,Chum chum,130.0537415,1.516856432,1.917016864,28.26984024,1.0,8.0,16.65162849
650,Dil bahar,130.0537415,1.516856432,1.917016864,28.26984024,1.0,8.0,16.65162849
651,Rasbhari,130.0537415,1.516856432,1.917016864,28.26984024,1.0,8.0,16.65162849
652,Rajbogh,133.6977844,1.711206436,2.278181553,28.15901566,1.0,8.0,16.56509018
653,Rasgulla,118.6371689,1.383701444,1.748734474,25.78821564,1.0,8.0,15.18988991
654,Rasmalai,135.549118,1.613448381,2.107652664,29.17135048,1.0,8.0,16.45545578
655,Khoa coconut burfi,411.4540405,9.97810936,26.00795937,36.54855728,1.0,8.0,31.14183998
656,Danedar burfi,102.6775284,3.242760181,4.720360756,12.32599831,1.0,8.0,23.30553436
657,Semolina burfi (Suji/Rava burfi),348.6713257,3.466792107,16.8637867,47.09862137,1.0,8.0,8.32622242
658,Pumpkin coconut burfi (Kaddu aur nariyal ki burfi),186.1792755,1.75197506,12.65571785,17.02403259,2.5,3.0,8.94575882
659,Khoa ladoo,396.0151062,12.20555592,24.09444427,34.43222046,1.0,8.0,31.71055412
660,Wheat and gram flour ladoo (Atta besan ladoo),501.7003174,9.380413055,29.85508347,50.49619675,1.0,8.0,27.0583477
661,Semolina ladoo with nuts (Suji/Rava ladoo with nuts),441.8447876,5.440637589,25.45019913,48.02494049,1.0,8.0,3.929920435
662,Sesame chickpeas brittle (Til aur channe ki chikki),282.7369995,8.5,4.660714149,50.49499893,2.5,3.0,17.93071365
663,Murmura chikki,253.8179932,2.124285698,0.322857141,59.59428787,1.0,8.0,15.02999973
664,Masala onion pakora/pakoda (Pyaaz ke pakode),551.6427002,2.045204878,57.60775757,6.48103857,5.0,0.5,99.21949768
665,Masala green chilli pakora/pakoda (Hari mirch kay pakode),668.7589722,2.222436905,71.01499939,5.547505379,5.0,0.5,120.9020309
666,Chicken pakora/pakoda,590.0932617,6.031492233,60.9754715,4.552274704,0.0,0.0,103.2327881
667,Fish pakora/pakoda,577.0250854,5.973116875,59.52191544,4.552274704,1.0,8.0,112.2440491
668,Paneer cutlet,672.1958618,4.587635994,69.37588501,7.616063595,0.0,5.0,91.44544983
669,Sago cutlet/vadas (Sabudana cutlet/vadas),558.7550049,0.564446807,56.97008514,11.22631931,1.0,8.0,48.16865158
670,Poshtik cutlet,496.4497681,2.00357151,50.94115448,7.388464928,1.0,8.0,57.10720062
671,Egg cutlet (Anda cutlet),575.0221558,2.448447943,60.24780655,5.770039082,0.0,0.0,79.39871216
672,Minced meat cutlet,531.8563843,5.098914146,54.46691513,5.606320858,0.0,0.0,95.80704498
673,Vegetable samosa,443.1074829,2.206989765,42.22310257,13.22015095,1.0,8.0,107.6961212
674,Plain urad dal vada (Uzunne vada/Minapa garelu/Ulundu vadai/Medu vada),745.4993896,4.385420322,76.31505585,9.698890686,4.0,1.0,65.87258148
675,Masala urad dal vada,703.7791748,4.321949005,71.61660004,9.931134224,4.0,1.0,61.49231339
676,Khaman (dhokla),54.72659302,1.924625635,2.797748804,5.355262756,1.0,8.0,124.101326
677,Instant dhokla,207.1124573,7.664568901,9.373123169,24.11054993,1.0,8.0,763.9752197
678,Tomato ginger chutney (Tamatar adarak ki chutney),44.65675354,1.049678802,0.321540684,9.111577988,2.5,3.0,209.4226074
679,Mint tomato chutney (Pudinay aur tamatar ki chutney),43.65103531,1.526698112,0.364938885,8.223479271,2.5,3.0,183.9812927
680,Coriander chutney (Hare dhaniye ki chutney),42.8615799,1.376073837,0.371545225,8.162700653,5.0,0.5,186.6410065
681,Gooseberry chutney (Amla chutney),43.01564789,1.43554306,0.619722605,8.834716797,5.0,0.5,215.0906067
682,Walnut chutney (Akhrot ki chutney),370.4312744,9.439031601,33.46291733,8.905654907,5.0,0.5,159.9981232
683,Saunth/Sonth chutney with ginger,84.21507263,0.280522227,0.105829917,20.62024498,5.0,0.5,222.5290527
684,Gun powder chutney,312.3384399,21.55302048,2.671894312,47.64929962,5.0,0.5,195.6737518
685,Dessicated coconut chutney (Sookhe kase nariyal ki chutney),346.3626404,12.8844471,15.87951183,36.72418976,5.0,0.5,321.06604
686,Curd mint dip,76.13265991,4.821882725,2.438880444,9.110777855,0.0,5.0,222.7657928
687,Curd vegetable dip,56.206604,3.881967545,1.943238974,6.036352158,0.0,5.0,132.4806366
688,Mayonnaise vegetable dip,241.2689209,3.012254715,23.44342804,4.797169685,1.0,8.0,119.5805511
689,Tomato and cucumber sandwich (Tamatar aur kheere ka sandwich),150.678009,4.029777527,6.310571671,20.50536537,2.5,3.0,222.2151794
690,Tomato sandwich (grilled),189.924408,6.255439758,9.38762188,21.28547096,2.5,3.0,420.6012878
691,French sandwich (toasted),186.7493744,6.819484711,11.50631618,14.81838703,1.0,8.0,274.6751709
692,Peanut butter cucumber sandwich,243.3297729,9.043438911,10.55927563,29.75927544,2.5,3.0,460.0895996
693,Mint and peanut sandwich,273.5880737,7.177052021,13.88359451,31.82801437,1.0,8.0,453.3014526
694,Spicy chutney sandwich,249.5818787,8.741743088,9.581197739,34.02667618,1.0,8.0,315.3991394
695,Chicken walnut sandwich (Chicken aur akhrot ke sandwich),285.7780457,12.5843153,16.76581573,22.61508369,0.0,0.0,287.3948669
696,Rolled sandwich,293.0657959,6.453408718,15.2850008,34.68704605,1.0,8.0,321.5700073
697,Ribbon sandwich,239.2641144,6.263196945,13.37122822,24.76007843,1.0,8.0,382.1122437
698,Checker board sandwich,348.3657837,7.367089272,24.65026093,25.94013596,1.0,8.0,358.2481995
699,Submarine sandwich,216.9175568,6.088694572,15.32097816,13.60408974,1.0,8.0,254.2839355
700,Cheese open sandwich,274.0680847,9.840000153,14.24272728,28.41909027,0.0,5.0,504.4118042
701,Sunset and sunrise open sandwich,241.3109131,8.580724716,15.13685799,18.8940773,1.0,8.0,381.2864075
702,Danish luncheon sandwich,193.8192596,9.027264595,10.09522438,17.76769829,1.0,8.0,365.6329956
703,Chicken and corn open sandwich,188.1591034,8.629572868,8.834002495,19.21158028,0.0,0.0,226.721756
704,Chocolate sponge cake,239.8574524,9.13488102,5.509288788,39.54217911,1.0,8.0,61.47203827
705,Chocolate swiss roll,306.078949,6.009129047,19.75583076,26.97255898,1.0,8.0,44.52928925
706,Lemon curd filling,225.6240082,3.432499886,12.57749939,26.40500069,0.0,5.0,34.90000153
707,Jam filling,184.615387,0.0,0.0,46.15384674,1.8,10.0,0.0
708,Chocolate pastry,243.3696289,7.053058624,10.12275696,32.23630905,1.0,8.0,46.54353714
709,Assorted pastry,230.7379303,6.775999546,8.909843445,31.9851017,1.0,8.0,49.98882675
710,Orange gateau,178.0481415,4.779430866,6.021613121,27.01242447,0.2,5.0,80.41065216
711,Black forest gateau,217.8173523,5.938715935,8.580164909,30.56795883,0.2,5.0,79.37215424
712,Lemon cake,373.8514099,5.285655499,20.62725449,43.10041046,1.0,8.0,151.2944641
713,Dundee cake,396.6159668,7.781131268,22.69801712,41.40033722,1.0,8.0,182.7378235
714,Victorian sandwich cake,373.0883789,5.180116653,19.83430672,44.73898697,1.0,8.0,145.2810974
715,Chocolate eggless cake,312.0060425,6.663639069,13.18911171,43.44585037,0.0,0.0,196.6101837
716,Orange eggless cake,355.6209412,7.156638622,13.82050419,52.64521027,1.8,10.0,226.2769775
717,Chocolate glace icing,436.2924194,3.217336893,20.79644966,62.4344635,1.0,8.0,8.657963753
718,Butter icing,500.7160339,0.185925931,25.37111092,71.63703918,1.0,8.0,5.975308418
719,Chocolate butter icing,469.587616,3.206804276,24.76556587,61.71752548,1.0,8.0,4.989690781
720,Almond biscuit (Badam ke biscuit),407.7389526,6.245248795,19.70478439,52.1415596,1.0,8.0,151.7570648
721,Orange biscuit,354.7797546,3.627181768,11.01297951,62.11175156,1.8,10.0,259.144104
722,Gingerman biscuit,357.4268799,6.256139755,12.72991562,55.24462891,1.0,8.0,918.5730591
723,Coffee drops,443.0706787,7.569732666,27.16364288,43.05612946,0.2,5.0,88.17182159
724,Christmas biscuit,406.0700684,5.666867733,15.88267899,60.97199631,1.0,8.0,127.3622284
725,Christmas wreath biscuit,386.0463257,5.430278778,15.00887871,58.06693268,1.0,8.0,120.1959076
726,Christmas bell biscuit,404.8484497,5.661853313,15.83850765,60.78856659,1.0,8.0,127.0091476
727,Christmas star biscuit,392.0292053,3.539636612,10.03640652,74.54273224,1.0,8.0,76.08654022
728,Christmas tree biscuit,385.6335144,5.429709911,14.99578857,58.41240692,1.0,8.0,120.4548721
729,Chocolate cream shells,427.1673279,5.103186607,19.33768272,59.26133728,1.0,8.0,126.8406754
730,Jelly biscuit,404.6133423,4.229109764,19.33068085,55.24362946,1.8,10.0,110.5717316
731,Cherry and walnut cookies,422.6035461,5.625301361,18.75059319,59.35258484,1.0,8.0,114.6164093
732,Cheese straws,382.0014343,9.8325243,24.28429985,30.60818863,0.0,5.0,587.4168091
733,Butterfly biscuit,341.4470215,9.976067543,22.11424446,25.33175659,1.0,8.0,572.0459595
734,Flan pastry,445.7974243,6.723062038,25.04267883,47.8392334,1.0,8.0,193.2317657
735,Fruit flan,261.3522949,3.299021959,12.48317051,34.71337891,1.0,8.0,110.0358734
736,Orange cream flan,280.2833557,4.734702587,13.58536434,36.16187286,1.8,10.0,82.40746307
737,Fruit puree tart,286.5020752,3.34682107,16.82731438,30.41661263,0.5,10.0,49.64972687
738,Apple banana pie,243.9885559,3.127933025,11.39358902,32.11587524,1.8,10.0,384.4259033
739,Lemon chiffon pie,259.3120422,4.878358364,14.51548481,27.63451576,1.0,8.0,94.94626617
740,Orange chiffon pie,207.5692139,3.887580633,11.15808868,23.13682938,1.8,10.0,73.22873688
741,Cream buns,215.7405701,4.451181889,15.80908012,14.16217613,1.0,8.0,45.48908234
742,Savoury puffs,190.78508,9.510930061,15.24278259,10.80060482,1.0,8.0,2274.241455
743,Choux swans,216.335495,4.353611946,15.6037159,14.92351818,1.0,8.0,145.0835724
744,Potato aigrettes,530.0274658,2.351202726,54.2388916,8.005807877,1.0,8.0,112.4537277
745,Cream horns,408.227478,3.422801256,33.55027008,23.11704636,1.0,8.0,57.11183548
746,Savoury cheese horns,295.1474609,5.660563469,20.70504951,21.37756348,0.0,5.0,212.284729
747,Paneer patties,338.5819092,7.597538471,23.95560265,22.79498482,0.0,5.0,158.4448853
748,Vegetable patties,261.9207458,4.006119728,17.73976898,20.97859383,1.0,8.0,139.5176239
749,Pearl millet infant food (Bajra shishu aahaar),362.443512,11.98250008,6.624000072,62.09600067,1.0,8.0,12.66800022
750,Sajina,345.2593994,10.81099987,3.032999992,66.8690033,1.0,8.0,11.6970005
751,Cereal mix,120.8097229,3.318000078,2.015599966,21.83839989,1.0,8.0,9.28619957
752,Pulse mix,83.29150391,3.156500101,0.543749988,15.99524975,1.0,8.0,3.875499964
753,Shishu ahar,93.36520386,2.611999989,1.43475008,17.41500092,1.0,8.0,2.677749872
754,Cereal pulse mix with amylase rice flour,151.5709839,4.267450809,2.742352962,27.80470467,1.0,8.0,1.029019594
755,Banana groundnut paste/puree,213.1880035,4.272999763,5.451000214,36.15499878,1.8,10.0,16.84799957
756,Rice dal porridge (Chawal dal ki khichdi/khichri),383.3320923,10.79699993,8.329000473,65.03800201,3.0,1.0,12.33399963
757,Lentils and semolina porridge (Dal suji porridge/daliya),117.2892456,3.26150012,1.061500072,23.19099998,3.0,1.0,9.637000084
758,Spinach khichri (Palak khichri/khichdi),102.1794815,3.428618908,1.908652186,17.35025024,2.5,3.0,69.59234619
759,Vegetable mix,174.209198,4.699999809,0.940000057,36.01800156,1.0,8.0,34.93799973
760,Lentils and wheat porridge (Dal wheat porridge/daliya ),52.53697586,2.71130681,0.942143917,8.364757538,3.0,1.0,62.7911911
761,Maize porridge,89.57054138,2.139853001,1.886617661,15.64161777,3.0,1.0,5.587205887
762,Spinach peanut burfi (Palak aur mungfali ki burfi),105.3725052,3.355208397,4.394791603,13.59062481,2.5,3.0,19.52187538
763,Split bengal gram burfi/fudge (Channa dal burfi),287.3585205,4.647142887,7.092857361,54.63204193,4.0,1.0,2.534898043
764,Chickpea flour cookies (Sweet besan rounds/cookies),207.0072479,4.292500019,3.423500061,39.64200211,1.0,8.0,22.29050064
765,Pearl millet mathri (Bajra mathri),785.0778198,1.822481275,83.12189484,7.422148228,1.0,8.0,33.17152405
766,Sesame biscuit (Til ke biscuit),424.0336914,8.268195152,19.33925438,53.64928436,1.0,8.0,182.2584534
767,Fermented bengal gram vada (Khameerikrit/Ufna hua channa dal ka vada),657.5725708,4.05076313,67.18557739,8.681553841,4.0,1.0,63.86629486
768,Poshtik namak paras,613.3907471,6.490126133,56.57683945,19.52298355,1.0,8.0,44.0101738
769,Soya chikki,423.6982117,7.184717655,15.51395416,62.88771057,1.0,8.0,17.24119568
770,Besan bathua chilla/cheela,373.8164368,11.47551918,18.57261467,40.64730072,1.0,8.0,166.3618317
771,Wheat flour and nuts ladoos (Atta nuts ladoos),391.9016724,9.461724281,19.19241333,44.31482697,1.0,8.0,8.071723938
772,Gram flour and semolina dhokla (Besan suji dhokla),198.9101715,8.516304016,7.095455647,25.9177227,1.0,8.0,196.590332
773,Atta dal burfi,298.7973022,6.66258049,12.47225857,40.64258194,4.0,1.0,3.555483818
774,Soya roti,283.9637146,9.183112144,9.228145599,40.02847672,1.0,8.0,155.9311218
775,Poshtik khichdi/khichri,93.36765289,3.043283939,1.883075833,15.63777065,3.0,1.0,41.67132568
776,Namkeen daliya,295.1106262,8.285434723,7.992717266,49.31864929,3.0,1.0,149.6326752
777,Sprouts upma,316.245697,9.501905441,10.43805981,44.95538712,1.0,8.0,147.8203735
778,Semolina idli (Suji/Rava idli),206.3904266,9.344619751,3.47373414,33.6710968,1.0,8.0,185.0151825
779,Poshtik chilla/cheela,159.5341339,4.847729683,3.040216684,27.4660511,1.0,8.0,97.17723083
780,Stuffed bittergourd (dry) (Bharwa karela),217.6478729,1.28692615,22.38420105,2.489490032,2.5,3.0,519.2879028
781,Cauliflower potato canjee,16.78920937,0.570074737,0.392489195,2.633897066,1.0,8.0,35.57506943
782,Creamed spinach,96.91499329,5.184081554,6.390686989,4.442425728,2.5,3.0,156.0212097
783,Mango milkshake with ice cream (Aam milkshake ice cream ke saath),68.35029602,1.930588245,2.798235416,9.180588722,0.2,5.0,16.63647079
784,Pineapple milkshake with ice cream (Ananas milkshake ice cream ke saath),68.49088287,1.928235292,2.752352953,9.326470375,0.2,5.0,16.64705849
785,Orange milkshake with ice cream (Narangi milkshake ice cream ke saath),67.8160553,1.94941175,2.748823643,9.149999619,0.2,5.0,16.65176392
786,Woodapple juice (Bel ka sharbat),34.1768837,0.629222035,0.69886148,6.509658337,0.2,5.0,127.4478912
787,Sattu drink,23.37742615,0.564804971,0.139170051,5.155844212,0.2,5.0,12.64640236
788,Apple and honey sorbet (Seb aur shehad ka sharbat),121.2970734,0.153371826,0.288591206,30.74224091,1.8,10.0,1.972909927
789,Thandai,101.1769028,3.591483593,5.887108326,9.132845879,1.0,8.0,22.6905632
790,Cucumber sharbat (Kheere ka sharbat),27.28394127,0.2591241,0.05839416,6.635036469,2.5,3.0,2.565693378
791,Apple oats chia seed smoothie,85.64489746,3.491137743,2.476324558,13.07034206,1.8,10.0,32.02052689
792,Nannari sharbat,88.7898407,0.010403587,0.00941704,23.62394714,1.0,8.0,1.1588341
793,Semolina milk drink (Thari kanji),44.16222,0.983571589,1.363272786,6.925323486,0.2,5.0,11.94784546
794,Saffron milk (Kesariya doodh),102.1810379,3.168829679,4.568993568,12.64350319,0.0,5.0,23.69136047
795,Black rice kheer (Chak-hao kheer),147.9367676,4.366131783,4.905136585,22.93030548,1.0,8.0,25.76814651
796,Coconut kheer (Nariyal ki kheer),162.6124878,3.397630215,10.54665947,14.42290211,1.0,8.0,45.97288895
797,Apple sago payasam (Seb aur sabudana ki kheer),136.5031738,3.130678177,7.660542011,14.4032402,1.8,10.0,39.44808578
798,Kesari bath,244.568512,2.395093441,12.58508778,31.38280296,1.0,8.0,1.704179049
799,Putharekulu,318.3032532,3.657009363,7.554205894,59.6074791,1.0,8.0,2.672897339
800,Mango malpua,334.6436462,1.649475694,30.67110443,12.84154034,1.8,10.0,1.887982368
801,Mango vanilla custard,147.6310425,3.430332184,7.043948174,18.40708542,1.8,10.0,30.11922455
802,Kiwi granola pudding,280.9878235,5.600944519,15.35951328,32.33153534,1.0,8.0,59.214077
803,Oats burfi,425.1870728,8.886306763,17.26929474,62.46829605,1.0,8.0,8.147344589
804,Lotus seed halwa (Kamal gattay ka halwa),370.5499573,7.790459633,20.68815994,39.56206894,1.0,8.0,3.056666613
805,Amaranth ladoo (Rajgira ladoo),454.1483154,10.11602783,22.70226479,51.32711792,1.0,8.0,7.507246971
806,Chhena poda,344.5653076,13.68433857,17.94010735,33.63724899,1.0,8.0,13.00288391
807,Sweet couscous dessert,196.1999512,3.813441992,7.691786289,29.69262314,1.0,8.0,4.219362259
808,Sweetened yogurt (Shrikhand),107.1770248,5.273591518,2.893601418,16.01608849,1.0,8.0,73.6071167
809,Thickened sweetened milk (Rabri),102.7945557,3.515490055,5.349130154,10.54564285,0.0,5.0,23.91716194
810,Gram flour halwa (Besan halwa),276.788269,5.875225544,17.2972374,25.77559471,1.0,8.0,15.39673996
811,Prawn sandwich,169.6452789,10.36061382,9.273684502,11.89168835,1.0,8.0,213.3822327
812,Watercress sandwich,229.4174652,5.168360233,11.47136307,28.03233147,1.0,8.0,407.4378662
813,Fish sandwich,150.1970215,4.724906445,10.36821556,10.08899307,1.0,8.0,161.8834991
814,Kidney bean sandwich with cottage cheese,176.6407928,9.845356941,6.842348099,18.8597393,0.0,5.0,97.9723587
815,Finger millet biscuit (Ragi biscuit),458.5638428,4.028277397,25.79488754,52.69028854,1.0,8.0,98.2363205
816,Buttermilk biscuit,322.5440063,5.761795521,17.50107765,34.92733383,0.0,5.0,323.7446289
817,Lemon cookies,394.4773254,5.627497196,23.01546288,42.18605042,1.0,8.0,84.71309662
818,Sweet potato biscuit (Shakarkand ke biscuit),296.3977051,5.135400295,13.30837631,38.13307571,1.0,8.0,339.5809021
819,Raspberry shortbread cookies,441.1209717,2.996098995,21.25103951,61.24797058,3.0,1.0,6.063912392
820,Pumpkin cookies,218.3952942,2.514229298,3.930473566,44.69233704,2.5,3.0,51.49332809
821,Greenpea cookies,159.41716,6.528696537,4.243386269,23.07396507,1.0,8.0,229.8954315
822,Sunflower cookies,520.62323,9.489830971,36.28184891,40.06427765,1.0,8.0,181.6805267
823,Cardamom cookies (Elaichi cookies),400.4893494,5.098627567,19.11948776,53.99033737,1.0,8.0,98.45236969
824,Hazelnut cookies,493.3157654,6.248396397,34.97259521,39.43731689,1.0,8.0,81.05500793
825,Milk cookies,459.4341736,10.49376774,24.96055031,48.42818451,0.0,5.0,156.526062
826,Cranberry cookies,272.4824219,3.921614885,12.66115761,36.39063263,1.0,8.0,58.25324249
827,Olive biscuit,438.2898865,3.203382492,23.7471981,55.0072403,1.0,8.0,120.1006317
828,Tutti fruitti biscuit,420.7821655,5.205924511,17.89810371,53.1223526,1.0,8.0,93.11205292
829,Peach blueberry preserves,177.3811493,0.525161684,0.201228976,45.76397324,1.0,8.0,2.808085442
830,Pear preserves (Naashpati ka murabba),101.2390366,0.25108555,0.186427027,25.66578484,1.0,8.0,2.099381685
831,Starfruit preserves,128.9264679,0.241846159,0.117230773,33.62123108,1.0,8.0,2.062769175
832,Gooseberry pickle (Amla ka achaar),278.5849609,1.546324253,27.60933495,7.612276554,5.0,0.5,86.38018799
833,Lotus stem pickle (Kamal kakdi ka achar),102.6907425,1.442939281,1.599666834,20.07059479,5.0,0.5,181.8314819
834,Date pickle (Khajoor ka achaar),182.2870636,1.677213907,4.205400467,34.66094971,5.0,0.5,138.861618
835,Garlic pickle (Lahasun ka achar),413.6179504,3.72205019,39.88408279,9.75361824,5.0,0.5,269.1232605
836,Fermented bamboo shoot pickle (Mesu pickle),59.83161545,1.579357862,5.591376305,1.732477188,5.0,0.5,161.3078918
837,Sweet peach pickle (Aadoo ka achaar),144.6351166,0.461739153,0.204285711,37.00967407,5.0,0.5,33.03649139
838,Pickled mustard greens,13.1212635,1.509100437,0.222531214,1.050902486,5.0,0.5,242.3576508
839,Small onion pickle,16.86478424,1.647102475,0.639375925,2.763744354,5.0,0.5,249.4799347
840,Green tomato pickle (Haray tamatar ka achaar),193.2611084,1.234905601,19.67260933,2.86610055,2.5,3.0,159.1754456
841,Pickled cabbage,13.69366837,0.390840292,0.136494234,2.561001301,5.0,0.5,121.3872375
842,Coconut pickle (Nariyal ka aachar),517.2561646,3.022852898,51.71007538,11.5336237,5.0,0.5,176.5425415
843,Potato pickle (Aloo ka achaar),369.139679,2.073549271,36.4563179,7.865382671,5.0,0.5,213.7332611
844,Mango murabba candy,293.3459778,0.268157899,0.052982457,77.31713867,1.8,10.0,13.70661354
845,Afghani chicken,151.5129547,15.66301727,9.069842339,1.946258187,0.0,0.0,87.01526642
846,Fish orly,563.6999512,5.872488499,58.18387222,4.266434193,1.0,8.0,136.3687897
847,Hariyali Fish Tikka,150.2369995,14.00955868,9.40571785,2.205204487,1.0,8.0,100.4498596
848,Chicken manchurian,142.3379822,9.533809662,11.95836258,6.062744617,0.0,0.0,2414.770752
849,Handi chicken,166.0196533,12.32255554,12.46326733,1.494889498,0.0,0.0,75.64471436
850,Lemon chicken,169.7891235,20.19827271,9.655328751,0.550736547,0.0,0.0,79.93492126
851,Lemon butter fish,160.2456818,16.3831501,10.25856304,0.753724992,1.0,8.0,187.7243042
852,Baked eggs in tomato sauce,80.04957581,4.919628143,5.224381924,3.776437044,2.5,3.0,188.2070618
853,Egg in a pepper,128.7807617,12.64299011,8.675842285,0.172542959,0.0,0.0,183.8918915
854,Spinach mushroom scrambled egg (Palak mushroom bhurji),158.8451691,13.27927017,11.5103178,0.587793052,2.5,3.0,227.9697723
855,Corn omelette/omlet,166.927597,11.37124825,12.8928833,1.570411801,1.0,8.0,166.4157562
856,Cajun chicken,184.9423065,12.6915369,13.98684311,1.943179131,0.0,0.0,1740.131104
857,Paaner do pyaza,127.7047806,4.215830326,10.87014675,3.406281948,1.0,8.0,160.6638489
858,Cabbage manchurian (Pattagobhi manchurian),224.262619,0.636036038,22.48483849,4.848986626,1.0,8.0,75.01637268
859,Gobi 65,278.2931519,0.561301827,29.10973167,3.592367887,1.0,8.0,69.21685791
860,Paneer lababdar,105.47612,3.983811855,8.464692116,3.367576361,0.0,5.0,142.4509277
861,Roasted cauliflower steak,78.67541504,2.047660112,6.697648525,2.024610043,0.2,5.0,120.1899414
862,Sauteed radishes with green beans,94.32460022,2.413181067,6.608610153,6.036933899,2.5,3.0,65.09905243
863,Garlic chutney/Poondu chutney (Lahasun ki chutney),255.5080566,3.336231232,17.55177307,20.43686295,5.0,0.5,177.6210022
864,Schezwan chutney,205.1857452,3.325997353,17.72203445,10.79157162,5.0,0.5,486.2670898
865,Onion chutney (Pyaaz ki chutney/Vengaya chutney),143.9380951,2.969444036,8.380476952,13.51984119,5.0,0.5,256.8927612
866,Dates chutney (Khajoor ki chutney),103.5724411,1.068406582,1.122378111,21.69153214,1.8,10.0,76.7681427
867,Chicken salad,338.1940613,15.3279047,30.25654793,1.302894711,0.0,0.0,50.61740875
868,Macaroni salad,262.1925964,5.015699863,17.78233719,21.62845039,1.0,8.0,163.9891052
869,Cabbage raita (Pattagobhi raita),84.83695984,3.244428158,5.759586334,5.24712038,1.0,8.0,125.3130493
870,Pomegranate raita (Anaar ka raita),72.64450836,4.04769516,3.238284111,7.151958466,1.0,8.0,195.1832123
871,Onion raita (Pyaaz ka raita),71.55741119,4.855399609,2.425239563,7.862971306,1.0,8.0,189.964859
872,Green chilli raita (Hari mirch ka raita),77.12936401,5.578923225,2.924408913,7.660936832,1.0,8.0,161.3138885
873,Kale salad,177.7139435,4.855113506,15.32857895,5.006325245,1.0,8.0,292.0355835
874,Spinach and paneer souffle,186.1947327,7.561341286,13.49350357,9.64064312,2.5,3.0,434.684967
875,Masala souffle,123.5146484,6.383276463,7.365000248,8.020496368,5.0,0.5,131.1410828
876,Chicken and cheese souffle,182.354248,9.068145752,14.73824787,3.466061354,0.0,5.0,120.931282
877,Tamarind chutney (Chintapandu pachadi/Puli chutney),109.1476135,0.877680361,0.483513981,25.06587791,5.0,0.5,75.60948944
878,Pav bhaji masala,230.4664001,9.129295349,10.96440506,29.14894295,5.0,0.5,1814.664063
879,Green chutney,79.41742706,5.423238754,1.60462451,10.00816059,5.0,0.5,262.8096313
880,Sago khitchdi/khichri (Sabudana khitchdi/khichri),187.1644745,2.721275806,10.10128021,22.41380119,1.0,8.0,100.2611237
881,Gram flour chilla/cheela (Besan chilla/cheela),135.9300995,7.80244112,2.852105141,21.02887726,1.0,8.0,135.572052
882,Vegetable namkeen jave,112.2306061,2.930877924,2.506016016,18.97719955,1.0,8.0,32.12855911
883,Khakhra,178.4959717,4.775326252,5.319165707,27.6625843,1.0,8.0,184.1575317
884,Moong bean dosa (Pesarattu),285.9556885,12.31849289,11.6653614,31.90605545,4.0,1.0,61.35676193
885,Methi thepla,346.1560974,8.98003006,15.94541931,41.3390274,1.0,8.0,543.2669678
886,Rice puttu (Ari puttu),81.98186493,1.260176182,3.125922441,11.82147121,1.0,8.0,48.28279114
887,Buckwheat pancake (Khura),263.2983093,2.907422304,16.43284988,27.2772541,1.0,8.0,69.97177887
888,Quinoa khichdi/khichri,64.01083374,3.178802013,1.591099739,8.831241608,3.0,1.0,69.64347839
889,Khakhra chaat,358.6632996,4.523999691,30.64789963,16.64234352,1.0,8.0,102.7836838
890,Banana appam,469.8054504,1.167886376,42.52759171,20.05764961,1.8,10.0,20.13526535
891,Veg manchurian,585.6408081,0.88936609,61.65210724,6.818906784,1.0,8.0,65.31265259
892,Pav bhaji,96.52545929,2.660388708,4.317642689,11.99301147,1.0,8.0,163.8937836
893,Rice murukku,593.9899902,5.414796352,48.22484207,33.29295731,1.0,8.0,63.31344604
894,Bhel puri,509.8869629,3.517511129,47.91156769,16.46770859,1.0,8.0,93.97743225
895,Semolina dhokla (Suji/Rava dhokla),194.9146881,5.435585976,5.201395988,30.86497879,1.0,8.0,443.3886414
896,Spicy corn chaat,479.7990723,4.60701704,46.55184174,11.44692039,1.0,8.0,86.49972534
897,Jackfruit fritters (Ponsa mulik/Kathal ka pakora),597.7876587,2.340938568,54.40557861,24.0022831,1.0,8.0,46.39432907
898,Banana chips (Kele ke chips),665.6660767,0.366837859,70.4563446,7.32208395,1.8,10.0,86.86720276
899,Wheat cake,314.6291809,4.789560318,14.95045853,41.13339615,1.0,8.0,82.96202087
900,Mango cheesecake,152.4585571,2.388442755,7.303961277,20.06123161,1.8,10.0,107.1234283
901,Carrot cake (Gajar ka cake),255.5870667,5.599839687,10.27002525,35.98424149,2.5,3.0,158.7399902
902,Semolina cake (Suji/Rava cake),374.1404419,6.581261635,25.17984962,31.32412338,1.0,8.0,91.36019135
903,Finger millet cake (Ragi cake),279.4615173,3.955877066,12.26690483,38.93222427,1.0,8.0,98.26153564
904,Honey cake,333.5932007,3.077659369,14.70284176,49.04077911,1.0,8.0,72.55387878
905,Almond cardamom cake (Badam elaichi cake),356.3479614,7.177490234,21.35575867,34.53158188,1.0,8.0,155.3731384
906,Tutti frutti cake,347.7215881,4.490680695,12.68225193,52.93681335,1.0,8.0,106.3582687
907,Ham and Bean soup,96.04189301,10.6073904,4.150700569,4.176568985,1.0,8.0,378.1440125
908,Whey soup,68.91048431,3.454710484,3.337767124,6.259196281,1.0,8.0,87.07501984
909,Bottle gourd soup (Ghiya/Lauki soup),23.0481739,0.453706115,1.794617891,1.160897374,2.5,3.0,53.80567932
910,Baked potato soup,147.054245,5.732051373,11.20816231,5.851165295,1.0,8.0,268.6924744
911,Pumpkin soup,40.04545212,0.470094204,3.201167107,2.076231241,2.5,3.0,45.49728394
912,Sweet corn soup,32.24575806,0.990304649,1.632310152,3.56477809,1.0,8.0,22.35059929
913,Paneer soup,47.85079575,3.221964836,2.800728559,2.424072742,0.0,5.0,68.03220367
914,Curried Cauliflower soup,37.32324219,6.715078354,9.773260117,3.116885424,1.0,8.0,7311.438477
915,Millet soup,55.99332428,11.26297188,12.56999397,8.220386505,1.0,8.0,10918.83105
916,Lemon coriander soup,108.0622864,2.268291235,6.258704662,10.31631851,1.0,8.0,219.1745453
917,Garlic soup,194.8583832,2.383541584,17.61923599,6.985138893,1.0,8.0,179.2552032
918,Dal makhani,74.04019928,3.315167904,3.063302994,7.959490299,4.0,1.0,41.84509277
919,Dalma,118.9263687,4.908376217,4.584093094,15.04275608,4.0,1.0,49.35309219
920,Split bengal gram dal (Channa dal),99.67116547,4.151535988,4.622377872,9.99417305,4.0,1.0,46.39890289
921,Horsegram dal (Kulthi dal),55.64741135,2.909368515,1.134617567,8.206653595,4.0,1.0,63.62846756
922,Panchmel dal,111.2224503,4.625019073,5.355630398,10.70892429,4.0,1.0,79.46160126
923,Dal dhokli,68.73714447,2.957137108,2.470521688,8.545230865,4.0,1.0,37.53384018
924,Gujarati handvo,207.089447,8.239668846,4.800895214,31.85533142,1.0,8.0,308.5463562
925,Sev (Omapodi/Karapusa),609.1427612,5.116390705,60.07641602,12.86995125,1.0,8.0,53.18865204
926,Papdi,708.9610596,1.82946384,72.11148071,12.89332867,1.0,8.0,28.9093914
927,Jowar dosa,294.3470154,8.503503799,10.27633286,40.5322113,1.0,8.0,97.24539948
928,Bread roll,435.4561157,2.854646206,40.24937439,16.11751175,3.0,1.0,139.3428192
929,Soya seekh kebab,115.0494156,5.395382404,5.878253937,10.00042725,1.0,8.0,92.24635315
930,Classic seasoned black beans,28.77848244,8.007211685,8.283315659,7.65642643,0.2,5.0,7989.073242
931,Maa chaane ki dal,344.6657104,19.80025482,9.50415802,43.10886002,4.0,1.0,43.30547714
932,Garlic chickpea soup (Lahasun aur chane ka shoraba),89.53046417,4.447682381,2.014414072,13.91794777,1.0,8.0,79.73258972
933,White sauce (thin),115.1687393,3.312936544,8.407753944,6.578080654,0.5,10.0,23.91239929
934,White sauce (medium),151.2744141,3.358149529,11.7624197,7.977153301,0.5,10.0,22.59060478
935,White sauce (thick),209.6938629,3.431304216,17.19031143,10.24086952,0.5,10.0,20.45192528
936,Cheese sauce,194.7616425,7.683526516,15.12477303,7.081819534,0.0,5.0,317.3780823
937,Egg sauce,146.8530121,5.967252254,11.07885933,5.879554272,0.0,0.0,51.53563309
938,Mushroom sauce,137.5635681,3.393797398,10.5061388,7.31291151,0.5,10.0,20.94354439
939,Mustard sauce,158.583725,3.978958368,12.17409706,8.286389351,0.5,10.0,22.16305542
940,Brown sauce,109.1757507,11.92262077,23.67331123,5.378172398,0.5,10.0,14174.59473
941,Classic italian pasta,42.11999893,0.572342455,2.453221083,4.402204037,0.2,5.0,49.03543472
942,Pasta spinach sauce,85.46442413,1.7649436,7.896272182,1.760134578,2.5,3.0,115.7854691
943,Pasta cheese sauce,149.2631836,4.331730366,10.84160328,9.002586365,0.0,5.0,255.9509583
944,Mayonnaise,774.8582153,1.864965916,84.52489471,1.649387836,1.0,8.0,272.8899231
945,Low calorie quick mayonnaise,242.8914185,1.405886889,24.35017395,4.711345196,1.0,8.0,165.9416809
946,Thousand island dressing,407.8734131,1.365555525,42.86518478,4.49444437,1.0,8.0,946.0992432
947,Curd dip,79.95415497,5.043828964,3.35873723,7.948309898,0.0,5.0,301.0673828
948,Short crust pastry,422.0952759,6.105966568,23.97708893,44.71599197,1.0,8.0,97.19713593
949,Choux pastry,222.370224,5.551392555,14.95645523,16.19544411,1.0,8.0,132.2815247
950,Flaky pastry,443.9402771,4.687782764,31.9864254,33.60633469,1.0,8.0,178.5248871
951,Sponge cake,253.7711487,9.18437767,4.74159193,44.63233948,1.0,8.0,64.60696411
952,Glace icing,323.5146179,0.005616439,0.010273973,86.31465912,1.0,8.0,9.879589081
953,Royal icing,332.5834351,1.739505887,0.018705882,86.52952576,1.0,8.0,36.49893951
954,American frosting,257.5739441,1.053740144,0.008501071,67.4766922,1.0,8.0,19.330513
955,Gum icing,223.0704193,5.94366169,0.0,53.18873215,1.0,8.0,29.32394409
956,Channa murmura premix,339.0922241,10.58699989,3.276000023,72.58899689,1.0,8.0,206.2829895
957,Cracked wheat and green gram dal premix (Dalia moong dal premix),362.1578064,15.89099979,5.108000278,64.74500275,4.0,1.0,3.249000072
958,Rice flakes and roasted channa,333.4039917,10.56599998,2.940000057,71.93799591,3.0,1.0,205.5059967
959,Spinach soup in milk,56.72266388,2.886666775,3.200000048,3.976666689,2.5,3.0,31.1566658
960,Vegetable soup,55.20608139,2.217254877,1.550196171,7.601568699,1.0,8.0,170.6784363
961,Mashed banana with milk,95.43451691,2.506451607,2.993548393,14.62258053,1.8,10.0,16.99032211
962,Poha with curd (Poha aur dahi),173.3245697,6.011369705,4.653630257,26.72342491,0.0,5.0,325.0658264
963,Potato with curd,73.1800766,3.191235065,1.332669377,12.00597572,0.0,5.0,190.9023895
964,Sweet wheat porridge (Sweet dalia),140.6630554,5.114999771,2.793888807,23.7677784,3.0,1.0,24.62666702
965,Vegetable khichdi/khichri,143.1654968,5.610701084,4.525830269,19.57269287,3.0,1.0,193.554245
966,Moong dal mixture,158.8357544,4.620810986,1.00297296,33.92567444,4.0,1.0,29.59594536
967,Cracked wheat khichri/khichdi (Dalia khichri/khichdi),167.4530334,7.556560993,5.515837193,22.34886932,3.0,1.0,224.9452515
968,Stewed apple,91.9308548,0.165714279,0.365714282,22.49142838,1.8,10.0,1.531428576
969,Lemon squash (Nimbu ka squash),184.5585938,0.153798833,0.061519533,48.87726974,0.2,5.0,15.01076603
970,Orange squash (Santre ka squash),193.2586823,0.215318367,0.039987694,50.88280487,0.2,5.0,14.84773922
971,Lichi squash,198.3312836,0.30452168,0.079975389,51.95632172,0.2,5.0,14.56167316
972,Mango squash (Aam ka squash),194.6554871,0.166102737,0.169178709,50.96278,0.2,5.0,14.80775166
973,Pineapple squash (Ananas ka squash),195.0230713,0.159950778,0.049215626,51.34420013,0.2,5.0,14.83543491
974,Lemon and ginger squash (Nimbu aur adrak ka squash),170.3428955,0.543836892,0.209937021,44.06078339,0.2,5.0,16.19114304
975,Apple jam (Seb ka murabba),188.789505,0.144999996,0.319999993,48.55500031,1.8,10.0,2.714999914
976,Plum jam (Aloo bukhara jam),178.8855743,0.307692319,0.192307696,46.20192337,1.8,10.0,2.668269157
977,Pineapple jam,149.1791534,0.321698129,0.150943398,38.26698303,1.8,10.0,2.453773499
978,Guava jelly (Amrood ki jelly),115.7423096,1.107692242,0.246153846,28.17692375,1.8,10.0,3.36153841
979,Orange marmalade (Santray ka murabba),104.1679077,0.660883307,0.12936908,25.94271278,1.8,10.0,2.314795017
980,Carrot murabba (Gajar ka murabba),175.2403259,0.316666663,0.156666666,45.59999847,2.5,3.0,19.52666664
981,Gooseberry marmalade (Amla murabba),123.1607666,0.136239782,0.027247956,32.34332275,1.0,8.0,216.8937378
982,Ginger candy (Adrak ki candy),195.7093811,0.693750024,0.265625,50.38124847,1.0,8.0,5.400000095
983,Mango pickle (Aam ka achaar),192.1191559,1.595898271,17.88808441,8.114914894,1.8,10.0,3429.938965
984,Mixed vegetable pickle (Sabziyoon ka achaar),211.2047119,1.899414063,19.68210602,7.48342514,5.0,0.5,2488.320801
985,Sweet lemon pickle (Neembu ka meetha achaar),69.54161072,1.22023499,0.208400786,16.86963463,5.0,0.5,6415.902344
986,Plum chutney (Aloo bukhara ki chutney),177.1083221,0.465615779,0.285899013,44.95407486,1.8,10.0,216.8135376
987,Raw mango chutney (Kachhe aam/Kairi ki chutney),193.1336212,0.514753759,0.155710906,49.94052887,1.8,10.0,480.6783447
988,Tomato sauce,34.32759857,0.810624123,0.27367115,7.233640194,2.5,3.0,174.7920074
989,Tomato puree,20.62413406,0.751730978,0.247279927,3.684470892,2.5,3.0,244.9901123
990,Garam masala,254.21492,9.887499809,10.97232151,26.19553566,5.0,0.5,58.3303566
991,Chat masala,222.5819092,8.190000534,9.913000107,23.86600113,5.0,0.5,11873.64063
992,Kashmiri masala,389.0205994,8.258229256,31.02979088,23.16057205,5.0,0.5,3106.137939
993,Rasam powder (Rasam masala),267.9608765,12.03742313,11.80226803,25.18659782,5.0,0.5,38.77865982
994,Sambar powder (Sambar masala),297.4648743,12.49686241,15.57715607,23.37696075,5.0,0.5,27.66402054
995,Tartare sauce,610.9349976,1.43588233,66.11764526,2.960000038,0.5,10.0,256.9458923
996,Barbeque sauce,121.934166,0.957167387,4.513476372,20.46231842,0.5,10.0,504.953125
997,Bread sauce,111.0420151,3.460142136,7.050684452,8.692389488,3.0,1.0,88.84417725
998,Green chilli sauce,46.05666733,1.248148203,0.266666651,7.364814758,0.5,10.0,1037.036987
999,Home made plain noodles,238.7798615,6.207882404,3.563609123,44.50380325,3.0,1.0,182.0705261
1000,Dal moong,43.68643951,2.202712536,1.617462516,4.920639515,4.0,1.0,117.7389755
1001,Cumin seeds baghar (Jeera baghar/tadka),736.805542,3.336153984,78.76769257,5.218461514,5.0,0.5,177.5769196
1002,Onion tomato baghar (Pyaaz tamatar ka tadka),137.5240936,1.259573221,11.97776604,6.172307014,2.5,3.0,31.33329391
1003,Mustard seeds baghar (Mustard seed tadka),552.5924072,4.730339527,54.29782486,10.44513798,5.0,0.5,8.897452354
1004,Hot cherry sauce,252.7405701,0.132339597,0.071289696,67.945755,0.5,10.0,105.8081741
1005,Apple jelly (Seb ki jelly),152.1263275,0.096666671,0.213333338,39.36999893,1.8,10.0,2.143333435
1006,Marmalade (Murabba),143.7613373,0.233333334,0.043333333,37.63999939,1.0,8.0,2.156666756
1007,Plum squash (Aloo bukhara squash),211.1677094,0.159960017,0.099975005,55.51112366,0.2,5.0,12.70932293
1008,Lemon green chilli pickle (Nimboo aur hari mirch ka achaar),14.07419872,0.851346135,0.243589744,2.14179492,5.0,0.5,7559.375
1009,Brinjal pickle (Baingan ka achaar),139.0065002,2.239347935,12.97782612,4.229420185,2.5,3.0,3507.594727
1010,Sweet and sour tomato pickle (Khatta meetha tamatar ka achaar),60.87690735,1.257986069,3.238919735,6.554004192,2.5,3.0,1281.938232
1011,Jhatpat achar with carrot (Jhatpat achaar gajar ke saath),91.21414948,1.980912924,6.548755169,6.324066162,2.5,3.0,2067.334961
1012,Tomato chutney (Tamatar ki chutney),176.069931,0.970114291,6.009744167,31.84525871,2.5,3.0,823.6464233
1013,Tomato ketchup,33.06858063,0.905044615,0.300045699,6.478251457,2.5,3.0,177.9689789
1014,Bengal 5 Spice Blend (Panch Phoran),289.7941895,18.26000023,22.15600014,19.99799919,5.0,0.5,51.43399811
